Date,AAPL,MSFT,JPM,XOM,JNJ,PG,V,KO,NVDA,DIS
2024-09-30,231.06707763671875,423.6083068847656,202.35772705078125,109.943115234375,153.5255126953125,164.10287475585938,270.8663635253906,67.95527648925781,121.11503601074219,93.99789428710938
2024-10-01,224.3334197998047,414.14776611328125,198.6917266845703,112.48487091064453,153.45921325683594,163.95126342773438,273.47698974609375,67.81343078613281,116.68689727783203,91.90666961669922
2024-10-02,224.89866638183594,410.6430969238281,198.931640625,113.97616577148438,152.68238830566406,162.89007568359375,272.88592529296875,67.15148162841797,118.53195190429688,92.00439453125
2024-10-03,223.7978973388672,410.062255859375,196.9547119140625,114.97037506103516,152.04769897460938,161.1846466064453,272.7478942871094,66.6880874633789,122.52125549316406,91.49623107910156
2024-10-04,224.9185028076172,409.5897216796875,203.9453887939453,117.0806884765625,151.84872436523438,160.00978088378906,273.80206298828125,66.35711669921875,124.58570861816406,92.98159790039062
2024-10-07,219.8509063720703,403.171142578125,203.6653594970703,117.58717346191406,151.12876892089844,158.3422088623047,269.72357177734375,65.2601547241211,127.37821197509766,90.28450012207031
2024-10-08,223.89706420898438,408.2607116699219,203.49156188964844,114.46388244628906,151.2803497314453,159.32760620117188,270.87615966796875,65.42091369628906,132.5343780517578,90.40176391601562
2024-10-09,227.63577270507812,410.96795654296875,206.06956481933594,114.51077270507812,152.18975830078125,160.37930297851562,272.8169250488281,65.78971099853516,132.29502868652344,91.46692657470703
2024-10-10,227.13992309570312,409.37310791015625,205.50958251953125,115.49559020996094,152.05714416503906,160.07611083984375,273.3489074707031,65.48711395263672,134.44923400878906,90.87081909179688
2024-10-11,225.66229248046875,409.8456726074219,214.6340789794922,115.9364242553711,152.95712280273438,162.10369873046875,273.71337890625,65.78971099853516,134.4392852783203,91.98484802246094
2024-10-14,229.3811798095703,412.6218566894531,213.8520050048828,116.37724304199219,153.08978271484375,163.44912719726562,276.51123046875,66.51787567138672,137.70050048828125,92.80570983886719
2024-10-15,231.91001892089844,412.2280578613281,214.7306671142578,112.87879943847656,155.4580841064453,164.45343017578125,275.1418762207031,66.51787567138672,131.24783325195312,92.07279205322266
2024-10-16,229.85720825195312,409.6487731933594,215.93760681152344,113.16957092285156,155.6286163330078,163.32595825195312,283.2496337890625,66.73539733886719,135.3568115234375,94.5451431274414
2024-10-17,230.22413635253906,410.2394714355469,216.6907501220703,112.87879943847656,155.80859375,163.231201171875,286.0770263671875,66.1017837524414,136.56353759765625,94.33992004394531
2024-10-18,233.0504608154297,411.65704345703125,217.60801696777344,112.55992126464844,156.42437744140625,163.23788452148438,286.3035583496094,66.61245727539062,137.63072204589844,95.06305694580078
2024-10-21,234.51820373535156,412.2674255371094,215.31964111328125,112.62556457519531,154.25498962402344,161.57955932617188,282.5895690917969,65.67623138427734,143.325439453125,94.41809844970703
2024-10-22,233.9033660888672,420.8616943359375,216.4010772705078,113.20706939697266,154.8423309326172,161.73204040527344,280.5601806640625,65.67623138427734,143.20574951171875,94.53536224365234
2024-10-23,228.8456573486328,417.99688720703125,215.7155303955078,112.80376434326172,157.12539672851562,161.61769104003906,279.5455322265625,64.3144760131836,139.18653869628906,94.0467529296875
2024-10-24,228.65724182128906,418.1249084472656,217.23146057128906,112.16597747802734,155.0507354736328,161.65582275390625,279.01348876953125,63.6430549621582,140.0342559814453,93.22590637207031
2024-10-25,229.4902801513672,421.49169921875,214.65341186523438,112.07217407226562,152.4076690673828,160.32156372070312,277.545654296875,63.283721923828125,141.16122436523438,92.86433410644531
2024-10-28,231.4637451171875,419.9559631347656,217.73355102539062,111.51881408691406,153.08978271484375,161.350830078125,279.9691162109375,63.04729461669922,140.14395141601562,94.00765991210938
2024-10-29,231.73150634765625,425.2326354980469,215.2230987548828,109.99938201904297,151.6592559814453,159.32083129882812,277.69342041015625,61.99760818481445,140.87200927734375,93.93926239013672
2024-10-30,228.19114685058594,425.8035888671875,216.68109130859375,109.44601440429688,152.15188598632812,158.3582763671875,285.85040283203125,62.338050842285156,138.96710205078125,92.91320037841797
2024-10-31,224.03590393066406,400.0307312011719,214.27682495117188,109.5304183959961,151.44139099121094,157.4242706298828,285.5450134277344,61.761192321777344,132.4047088623047,94.00765991210938
2024-11-01,221.06077575683594,403.98822021484375,215.26171875,107.81402587890625,151.69717407226562,157.34803771972656,286.42181396484375,61.477500915527344,135.03765869140625,93.62655639648438
2024-11-04,220.16824340820312,402.1078796386719,212.21055603027344,111.24681854248047,149.90667724609375,157.3289794921875,287.51531982421875,61.57206344604492,135.68589782714844,93.60701751708984
2024-11-05,221.59628295898438,405.06121826171875,213.86166381835938,111.57508087158203,150.01092529296875,157.97705078125,288.9339599609375,61.81793975830078,139.5355987548828,94.42787170410156
2024-11-06,220.87237548828125,413.6456298828125,238.55101013183594,113.48844909667969,149.565673828125,153.4882049560547,302.8343200683594,60.23868179321289,145.2203369140625,96.63636779785156
2024-11-07,225.59286499023438,418.81396484375,228.23886108398438,113.62914276123047,148.47621154785156,155.73739624023438,301.2581481933594,60.20085906982422,148.48159790039062,96.67546081542969
2024-11-08,225.32479858398438,415.968994140625,228.81814575195312,113.59162139892578,147.28256225585938,159.83547973632812,303.2973937988281,60.44672775268555,147.2349395751953,96.7634048461914
2024-11-11,222.61448669433594,411.5093994140625,231.04859924316406,112.99134826660156,146.87521362304688,158.23435974121094,306.3021240234375,59.91715621948242,144.8712921142578,98.56147766113281
2024-11-12,222.61448669433594,416.4513244628906,231.30931091308594,112.87879943847656,144.6016082763672,158.05328369140625,305.8283386230469,59.76585388183594,147.89315795898438,98.68850708007812
2024-11-13,223.49806213378906,418.58758544921875,232.8542022705078,113.92927551269531,145.17001342773438,158.75857543945312,305.463134765625,59.57672119140625,145.8785858154297,100.37908935546875
2024-11-14,226.5757293701172,420.2513122558594,233.5397491455078,114.00492095947266,143.8721466064453,159.2350616455078,304.2490539550781,59.15117263793945,146.3672637939453,106.63323974609375
2024-11-15,223.3789520263672,408.5461730957031,236.86126708984375,112.82289123535156,145.88998413085938,161.57955932617188,305.6210632324219,58.38518142700195,141.60006713867188,112.4574203491211
2024-11-18,226.37716674804688,409.29437255859375,236.59091186523438,113.76851654052734,146.6194305419922,162.73277282714844,308.1083679199219,58.49866485595703,139.77493286132812,110.95250701904297
2024-11-19,226.63528442382812,411.2928161621094,234.71774291992188,112.17984771728516,144.94264221191406,162.74227905273438,307.8023681640625,59.18899917602539,146.6165771484375,109.85803985595703
2024-11-20,227.35011291503906,409.028564453125,232.48727416992188,113.77796936035156,145.04684448242188,162.8661651611328,303.4002685546875,59.567264556884766,145.4995880126953,111.6561050415039
2024-11-21,226.87359619140625,407.26287841796875,236.33023071289062,115.3004379272461,147.3109893798828,164.63882446289062,305.8776550292969,60.29541778564453,146.27749633789062,112.10562133789062
2024-11-22,228.21385192871094,411.3367614746094,239.9897003173828,115.16804504394531,146.9983673095703,168.00308227539062,305.89739990234375,60.44672775268555,141.57015991210938,113.0144271850586
2024-11-25,231.1922149658203,413.1025085449219,241.66973876953125,113.44700622558594,147.5762481689453,169.06097412109375,309.12493896484375,60.88172912597656,135.65602111816406,113.35643768310547
2024-11-26,233.366455078125,422.17755126953125,241.3607940673828,111.55574798583984,147.55714416503906,170.89083862304688,307.77276611328125,61.04249954223633,136.55360412597656,112.81897735595703
2024-11-27,233.2373809814453,417.2454833984375,241.1869659423828,111.26260375976562,148.39749145507812,170.9384765625,310.6153869628906,60.92902755737305,134.9778289794922,114.91998291015625
2024-11-29,235.62008666992188,417.7090759277344,241.119384765625,111.54629516601562,148.0250701904297,170.8431854248047,310.99041748046875,61.05765151977539,137.8800048828125,114.79293823242188
2024-12-02,237.86380004882812,425.1269836425781,237.76890563964844,111.4422607421875,147.82452392578125,171.26251220703125,312.5400390625,60.64793395996094,138.259033203125,114.49002075195312
2024-12-03,240.90176391601562,425.343994140625,236.38815307617188,111.27205657958984,145.49447631835938,167.18350219726562,308.9472961425781,60.524051666259766,139.8846435546875,113.79618072509766
2024-12-04,241.25918579101562,431.4794921875,235.01702880859375,108.0663833618164,143.6896514892578,166.88804626464844,305.8776550292969,59.275848388671875,144.75157165527344,114.3238754272461
2024-12-05,241.28895568847656,436.6088562011719,237.02542114257812,108.53917694091797,142.782470703125,167.76483154296875,305.0682678222656,59.95235061645508,144.68177795410156,113.84504699707031
2024-12-06,241.09036254882812,437.54595947265625,238.84068298339844,107.39498138427734,142.58192443847656,165.6586151123047,306.9732971191406,59.58075714111328,142.06861877441406,114.0698013305664
2024-12-09,244.9722442626953,439.96270751953125,235.41293334960938,106.76140594482422,142.85885620117188,162.77085876464844,304.29840087890625,59.64745330810547,138.4480743408203,111.99812316894531
2024-12-10,245.98487854003906,437.3092041015625,234.49566650390625,106.54391479492188,142.50552368164062,164.19091796875,308.3254699707031,59.942832946777344,134.71783447265625,112.11539459228516
2024-12-11,244.714111328125,442.8923645019531,235.14256286621094,105.83468627929688,140.0322265625,162.61837768554688,309.7171325683594,59.68556594848633,138.94676208496094,111.99812316894531
2024-12-12,246.17352294921875,443.45458984375,233.21145629882812,105.7401351928711,139.6502685546875,162.8280487060547,310.1514587402344,60.8289680480957,136.98191833496094,112.28150939941406
2024-12-13,246.34226989746094,441.19573974609375,231.6761932373047,104.81341552734375,140.01312255859375,163.02821350097656,310.65484619140625,60.14292526245117,133.8999786376953,110.7570571899414
2024-12-16,249.2313232421875,445.45703125,231.32861328125,102.572265625,137.36793518066406,163.1044464111328,311.7898864746094,59.59980773925781,131.65582275390625,110.04054260253906
2024-12-17,251.65374755859375,448.2880859375,230.150634765625,102.13729095458984,139.81260681152344,162.33248901367188,314.1686096191406,60.40972137451172,130.05003356933594,110.9337387084961
2024-12-18,246.2628631591797,431.4499206542969,222.4358367919922,100.63374328613281,138.22738647460938,161.14117431640625,305.75921630859375,59.885658264160156,128.5738983154297,109.29456329345703
2024-12-19,247.9903106689453,431.0947570800781,224.93663024902344,99.77323150634766,137.110107421875,161.24598693847656,310.79302978515625,59.5045280456543,130.33926391601562,109.314208984375
2024-12-20,252.65646362304688,430.6706237792969,229.41680908203125,100.1136474609375,137.9600067138672,160.1690673828125,313.5863342285156,59.59980773925781,134.34877014160156,109.9620132446289
2024-12-23,253.43087768554688,429.3389892578125,230.1796112060547,100.520263671875,138.7239532470703,160.2167205810547,313.1026611328125,59.437828063964844,139.3058319091797,109.34364318847656
2024-12-24,256.3397521972656,433.363525390625,233.96458435058594,100.61482238769531,139.27784729003906,161.0077362060547,316.4881286621094,59.876136779785156,139.85440063476562,110.48223114013672
2024-12-26,257.1538391113281,432.1601257324219,234.76600646972656,100.6999282836914,139.02000427246094,162.1704559326172,316.7447509765625,59.61886978149414,139.56515502929688,110.47241973876953
2024-12-27,253.74851989746094,424.6830749511719,232.86386108398438,100.69048309326172,138.51385498046875,161.57003784179688,314.5239562988281,59.5045280456543,136.6527557373047,109.49088287353516
2024-12-30,250.38294982910156,419.0604248046875,231.07757568359375,100.00962829589844,136.88095092773438,159.24461364746094,311.2174377441406,59.104331970214844,137.13150024414062,108.75472259521484
2024-12-31,248.6157989501953,415.7757263183594,231.45416259765625,101.72120666503906,138.1032257080078,159.7783203125,311.93798828125,59.323486328125,133.9398651123047,109.29456329345703
2025-01-02,242.0931396484375,412.8953552246094,231.73414611816406,101.47534942626953,137.53028869628906,158.1867218017578,310.3192443847656,58.92329406738281,137.94937133789062,108.77435302734375
2025-01-03,241.6066436767578,417.6005859375,234.90118408203125,101.99543762207031,137.692626953125,157.3766326904297,310.8226318359375,58.837547302246094,144.0933074951172,109.10808563232422
2025-01-06,243.23484802246094,422.0394592285156,233.75595092773438,101.8819580078125,137.18650817871094,153.05934143066406,308.97686767578125,57.94187927246094,149.04039001464844,109.00011444091797
2025-01-07,240.46495056152344,416.63385009765625,236.00759887695312,102.8370590209961,139.64068603515625,153.72647094726562,307.6246643066406,57.97046661376953,139.7745819091797,109.33383178710938
2025-01-08,240.951416015625,418.79412841796875,235.9687957763672,101.11601257324219,135.85914611816406,154.4888916015625,308.54266357421875,58.7994270324707,139.7446746826172,107.73392486572266
2025-01-10,235.14358520507812,413.26031494140625,232.80479431152344,100.74722290039062,135.65859985351562,151.11512756347656,303.716064453125,58.18960952758789,135.55564880371094,106.64441680908203
2025-01-13,232.71121215820312,411.52423095703125,237.01698303222656,103.34769439697266,137.9600067138672,151.38194274902344,302.9363708496094,58.74225997924805,132.8826141357422,106.08493041992188
2025-01-14,231.59925842285156,410.02484130859375,240.18096923828125,103.75431060791016,138.22738647460938,152.2397003173828,305.0782165527344,59.11387252807617,131.4164581298828,106.12419891357422
2025-01-15,236.15618896484375,420.5203552246094,244.917236328125,105.44699096679688,138.43748474121094,152.1539306640625,312.17486572265625,58.85660171508789,135.8848114013672,106.18309020996094
2025-01-16,226.61544799804688,418.8138122558594,246.7806854248047,105.26731872558594,141.111328125,152.96401977539062,313.1322326660156,59.313961029052734,133.2217559814453,104.49483489990234
2025-01-17,228.32305908203125,423.20343017578125,251.5266571044922,106.21295166015625,140.40467834472656,153.56443786621094,315.4714660644531,59.75225830078125,137.3509521484375,105.04449462890625
2025-01-21,221.03594970703125,422.6805725097656,255.28265380859375,105.40917205810547,141.47418212890625,154.12673950195312,319.4294738769531,59.4759407043457,140.46282958984375,106.6934814453125
2025-01-22,222.2173614501953,440.1402587890625,255.09828186035156,103.57464599609375,138.7239532470703,157.0049591064453,319.36041259765625,58.866127014160156,146.68655395507812,106.80145263671875
2025-01-23,222.04859924316406,440.643310546875,258.11663818359375,104.16093444824219,140.0322265625,158.34873962402344,323.9499816894531,58.6279182434082,146.83615112304688,108.99029541015625
2025-01-24,221.1749267578125,438.0293273925781,257.0393371582031,102.75194549560547,140.20411682128906,157.36781311035156,325.9141845703125,58.99951934814453,142.2481231689453,110.0896224975586
2025-01-27,228.20391845703125,428.6583251953125,258.01959228515625,104.17985534667969,146.00059509277344,162.67991638183594,330.19781494140625,60.85755157470703,118.11124420166016,111.24783325195312
2025-01-28,236.5434112548828,441.1266784667969,259.2715759277344,102.16565704345703,143.60369873046875,159.35264587402344,330.13861083984375,59.41877365112305,128.65367126464844,110.06998443603516
2025-01-29,237.63546752929688,436.3227844238281,258.7280578613281,102.76139068603516,144.33900451660156,159.39100646972656,331.5204772949219,59.86660385131836,123.3774642944336,111.1006088256836
2025-01-30,235.8782196044922,409.3541259765625,260.3294982910156,103.61247253417969,145.98150634765625,160.52244567871094,338.5973815917969,61.02906036376953,124.32499694824219,111.33617401123047
2025-01-31,234.2996826171875,409.42315673828125,259.4268493652344,101.02145385742188,145.2939453125,159.160888671875,337.36358642578125,60.48594665527344,119.7569351196289,110.9729995727539
2025-02-03,226.36721801757812,405.33941650390625,258.9513244628906,101.26730346679688,145.02655029296875,161.81690979003906,341.33148193359375,60.36207580566406,116.35582733154297,111.8956527709961
2025-02-04,231.12274169921875,406.76971435546875,260.0480651855469,103.98125457763672,146.5735626220703,161.21286010742188,340.67010498046875,59.71414566040039,118.34063720703125,111.20858001708984
2025-02-05,230.79513549804688,407.6771545410156,262.46466064453125,103.9056167602539,147.719482421875,162.05662536621094,344.90447998046875,60.14292526245117,124.5045394897461,108.49952697753906
2025-02-06,231.53970336914062,410.1728210449219,268.74407958984375,102.5344467163086,146.5926513671875,161.9320068359375,342.9698791503906,60.371604919433594,128.34449768066406,110.02090454101562
2025-02-07,225.98997497558594,404.185302734375,267.6764831542969,102.96943664550781,146.22023010253906,161.05941772460938,343.50286865234375,60.8289680480957,129.50146484375,108.81361389160156
2025-02-10,226.25833129882812,406.6217041015625,263.0567321777344,104.93634796142578,147.28977966308594,160.6375274658203,346.6712341308594,61.5054817199707,133.2217559814453,107.26277923583984
2025-02-11,231.19793701171875,405.852294921875,266.890380859375,105.5982894897461,149.0946044921875,162.45933532714844,346.75030517578125,64.41162109375,132.4537353515625,107.00758361816406
2025-02-12,235.42198181152344,403.4848937988281,267.33685302734375,102.42118072509766,148.2637939453125,162.6031951904297,347.5115661621094,65.46927642822266,130.798095703125,107.21371459960938
2025-02-13,240.053466796875,404.96453857421875,268.1811828613281,103.16536712646484,150.16412353515625,163.98394775390625,351.60479736328125,66.22200775146484,134.93724060058594,107.56705474853516
2025-02-14,243.10472106933594,402.8831787109375,268.4432373046875,103.27031707763672,149.11367797851562,156.18844604492188,349.8053283691406,65.62173461914062,138.4879913330078,108.34247589111328
2025-02-18,242.97552490234375,404.0767822265625,271.70428466796875,105.08308410644531,149.19068908691406,158.62393188476562,352.69232177734375,65.79324340820312,139.03652954101562,107.53761291503906
2025-02-19,243.37307739257812,409.1370544433594,271.02490234375,105.2357406616211,151.982177734375,159.64031982421875,351.2093200683594,66.76512908935547,138.8669891357422,109.29456329345703
2025-02-20,244.32720947265625,411.3017272949219,258.9415588378906,106.85768127441406,153.70521545410156,160.3306884765625,346.5229187011719,66.73654174804688,139.7446746826172,108.50933837890625
2025-02-21,244.04891967773438,403.4735412597656,256.45697021484375,105.60782623291016,156.22718811035156,163.22642517089844,344.58514404296875,67.98474884033203,134.07948303222656,106.65422821044922
2025-02-24,245.58944702148438,399.3124084472656,253.64244079589844,106.16119384765625,157.61329650878906,163.52369689941406,345.9000244140625,67.26058959960938,129.94033813476562,109.14733123779297
2025-02-25,245.52978515625,393.2831726074219,249.81846618652344,104.69190979003906,159.87538146972656,165.54689025878906,348.1048278808594,68.11815643310547,126.29981994628906,108.48970794677734
2025-02-26,238.890625,395.0919494628906,251.16754150390625,104.43429565429688,156.97799682617188,164.25242614746094,346.6613464355469,67.46070861816406,130.9376983642578,109.76570892333984
2025-02-27,235.84934997558594,387.97552490234375,251.41986083984375,105.09262084960938,157.60366821289062,164.89486694335938,351.7135009765625,67.52740478515625,119.83672332763672,109.25530242919922
2025-02-28,240.36160278320312,392.3837585449219,256.8549499511719,106.21845245361328,158.84542846679688,166.68792724609375,358.6046142578125,67.85134887695312,124.59429931640625,111.6993408203125
2025-03-03,236.57485961914062,383.98236083984375,252.94361877441406,102.81237030029297,161.0208282470703,168.3659210205078,357.7247009277344,68.90899658203125,113.76261138916016,110.7079849243164
2025-03-04,234.4877166748047,384.1009826660156,242.8790740966797,102.60245513916016,159.2304229736328,166.05508422851562,348.2432861328125,66.87946319580078,115.68757629394531,106.99776458740234
2025-03-05,234.2988739013672,396.366943359375,244.12136840820312,100.598876953125,158.94166564941406,167.42623901367188,348.6881103515625,66.77466583251953,116.9941635131836,107.29222106933594
2025-03-06,233.8914031982422,392.284912109375,239.27833557128906,102.67878723144531,159.62510681152344,167.47418212890625,340.26458740234375,67.13672637939453,110.28170013427734,103.48384857177734
2025-03-07,237.6085205078125,388.7464294433594,235.14382934570312,104.01449584960938,160.4529266357422,168.71112060546875,341.4114990234375,68.06098175048828,112.39617919921875,103.56237030029297
2025-03-10,226.08937072753906,375.7490539550781,225.38011169433594,106.6668701171875,161.42514038085938,169.00836181640625,337.6149597167969,68.08003997802734,106.7010726928711,101.17723083496094
2025-03-11,219.48997497558594,376.0356750488281,222.39085388183594,104.14807891845703,159.65396118164062,165.99754333496094,328.3806457519531,67.68938446044922,108.47642517089844,96.09284973144531
2025-03-12,215.65354919433594,378.82293701171875,221.18734741210938,104.11944580078125,156.75660705566406,161.4429931640625,329.0726623535156,66.64126586914062,115.44884490966797,96.93697357177734
2025-03-13,208.398193359375,374.37518310546875,218.5572052001953,103.6805648803711,156.89137268066406,161.6539306640625,324.83123779296875,66.33635711669922,115.28925323486328,95.08186340332031
2025-03-14,212.18490600585938,384.0515441894531,225.59365844726562,106.76227569580078,156.71807861328125,161.05941772460938,328.04449462890625,66.38434600830078,121.36392211914062,96.8191909790039
2025-03-17,212.6917724609375,384.18994140625,227.0397491455078,108.53687286376953,156.74697875976562,162.77577209472656,330.7633361816406,67.30581665039062,119.22930908203125,97.5259017944336
2025-03-18,211.38978576660156,379.0700378417969,228.04913330078125,108.42237854003906,158.10421752929688,160.81015014648438,330.9808654785156,66.59551239013672,115.1396255493164,97.51608276367188
2025-03-19,213.92422485351562,383.3201904296875,232.06719970703125,110.11112213134766,156.89137268066406,161.63475036621094,336.02313232421875,66.49952697753906,117.22435760498047,98.43872833251953
2025-03-20,212.79116821289062,382.3515319824219,231.9701385498047,110.57862091064453,156.9202423095703,160.65670776367188,335.6573181152344,66.91226959228516,118.23182678222656,97.03512573242188
2025-03-21,216.93568420410156,386.7202453613281,234.51296997070312,110.19699096679688,157.50741577148438,159.83209228515625,331.8608093261719,65.91401672363281,117.4039077758789,97.62405395507812
2025-03-24,219.38063049316406,388.5191345214844,240.75355529785156,110.48320770263672,157.1801300048828,158.8348846435547,339.9778137207031,66.1827621459961,121.1045913696289,98.33076477050781
2025-03-25,222.38217163085938,390.5749816894531,243.733154296875,111.23693084716797,154.9950714111328,156.15008544921875,340.7193908691406,66.04839324951172,120.38638305664062,99.73435974121094
2025-03-26,220.1757354736328,385.4452209472656,243.6361083984375,112.83979797363281,155.66888427734375,159.7266082763672,340.2843322753906,67.20982360839844,113.47382354736328,98.919677734375
2025-03-27,222.48155212402344,386.0481262207031,240.8118133544922,112.47724151611328,157.02613830566406,161.7689971923828,345.9000244140625,67.90092468261719,111.14967346191406,98.59577941894531
2025-03-28,216.56793212890625,374.40478515625,235.69705200195312,112.32459259033203,157.58445739746094,161.11695861816406,338.96942138671875,67.54578399658203,109.39411163330078,96.25970458984375
2025-03-31,220.7720947265625,371.0343933105469,238.0748748779297,113.46949768066406,159.6347198486328,163.40863037109375,346.4932556152344,68.74562072753906,108.10736083984375,96.8780746459961
2025-04-01,221.8256072998047,377.7554931640625,236.48316955566406,113.574462890625,147.5157928466797,163.54286193847656,342.4297790527344,68.98558044433594,109.87290954589844,95.87690734863281
2025-04-02,222.5213165283203,377.70611572265625,238.57955932617188,113.22142791748047,149.54685974121094,162.52647399902344,342.4100036621094,68.46725463867188,110.14221954345703,96.07320404052734
2025-04-03,201.9478759765625,368.78082275390625,221.9541015625,107.26795196533203,153.8400115966797,165.29757690429688,335.5486145019531,70.24300384521484,101.54391479492188,87.20008087158203
2025-04-04,187.2283935546875,355.6648254394531,205.34344482421875,99.54936981201172,147.50621032714844,157.01304626464844,309.5857849121094,67.12344360351562,94.07276153564453,81.98810577392578
2025-04-07,180.35072326660156,353.7077941894531,209.40577697753906,98.21366882324219,144.9842071533203,153.6378631591797,308.78497314453125,65.62605285644531,97.39437103271484,81.76234436035156
2025-04-08,171.365966796875,350.4460754394531,211.77870178222656,96.14329528808594,144.38742065429688,151.87355041503906,304.7807922363281,65.67404174804688,96.05774688720703,80.21150970458984
2025-04-09,197.6343994140625,385.9591369628906,228.83859252929688,100.94234466552734,145.32113647460938,155.64187622070312,328.6673278808594,67.14263153076172,114.04239654541016,89.7520980834961
2025-04-10,189.2559356689453,376.92523193359375,221.77833557128906,95.34185791015625,143.1264190673828,156.83084106445312,320.93585205078125,67.92012786865234,107.29939270019531,83.65673065185547
2025-04-11,196.9386444091797,383.94287109375,230.6549072265625,98.40447998046875,146.05267333984375,160.04302978515625,329.6263732910156,68.56324768066406,110.65094757080078,83.322998046875
2025-04-14,201.28195190429688,383.310302734375,229.20965576171875,98.64299774169922,148.5842742919922,162.1717071533203,331.3861999511719,69.54228973388672,110.4314956665039,83.09724426269531
2025-04-15,200.904296875,381.2544250488281,227.65701293945312,98.36631774902344,147.87196350097656,161.5388641357422,332.0090637207031,68.97598266601562,111.9177474975586,83.44078063964844
2025-04-16,193.08238220214844,367.2982482910156,224.21963500976562,99.40626525878906,148.151123046875,159.54441833496094,327.57977294921875,68.80320739746094,104.22714233398438,81.24212646484375
2025-04-17,195.7758331298828,363.5126953125,226.5144805908203,102.01091003417969,151.57789611816406,163.61000061035156,325.8792419433594,70.07023620605469,101.23469543457031,83.24446868896484
2025-04-21,191.9791717529297,354.953125,223.61419677734375,100.51300811767578,151.04849243164062,159.9214324951172,316.4768981933594,69.84945678710938,96.66621398925781,82.44942474365234
2025-04-22,198.5189666748047,362.5638427734375,230.0592498779297,103.32757568359375,151.84742736816406,161.97653198242188,327.64898681640625,70.93411254882812,98.64122772216797,84.50084686279297
2025-04-23,203.3492431640625,370.0459899902344,235.22506713867188,102.44025421142578,149.5661163330078,159.90211486816406,330.5853576660156,70.35818481445312,102.45161437988281,85.67869567871094
2025-04-24,207.09619140625,382.80621337890625,238.8968048095703,103.64241027832031,149.1329345703125,153.92015075683594,331.91021728515625,69.60950469970703,106.16226196289062,88.3484878540039
2025-04-25,208.00064086914062,387.3034362792969,237.83236694335938,103.58516693115234,148.7960662841797,155.35777282714844,331.3763732910156,69.02398681640625,110.73074340820312,88.6135025024414
2025-04-28,208.85537719726562,386.6213684082031,237.51014709472656,103.64241027832031,149.53724670410156,156.15858459472656,333.6898193359375,68.9087905883789,108.45647430419922,88.4957275390625
2025-04-29,209.91885375976562,389.46795654296875,238.8772430419922,103.38480377197266,150.0762939453125,156.5541534423828,337.6543884277344,69.44631958007812,108.74573516845703,89.48707580566406
2025-04-30,211.20095825195312,390.673828125,238.8772430419922,100.7801513671875,150.4613037109375,156.85325622558594,341.58941650390625,69.63829040527344,108.64599609375,89.27113342285156
2025-05-01,212.01596069335938,420.464111328125,241.09396362304688,100.92326354980469,148.6805419921875,154.3543243408203,338.5739440917969,68.42886352539062,111.32923889160156,89.13371276855469
2025-05-02,204.0946807861328,430.2294921875,246.58203125,101.33352661132812,150.27841186523438,154.8753204345703,343.6656188964844,68.77440643310547,114.21195983886719,90.78270721435547
2025-05-05,197.67416381835938,431.109130859375,246.630859375,98.52851104736328,149.20033264160156,153.2447967529297,344.6938781738281,68.82239532470703,113.53367614746094,90.40972137451172
2025-05-06,197.2964630126953,428.2823486328125,243.3985595703125,99.90239715576172,148.69017028808594,153.65000915527344,343.7645263671875,68.84159851074219,113.2543716430664,90.46861267089844
2025-05-07,195.05029296875,428.3218688964844,243.5352783203125,99.80699157714844,151.41427612304688,153.6885986328125,345.89019775390625,69.49430847167969,116.7655258178711,100.20549774169922
2025-05-08,196.28273010253906,433.0859680175781,247.51950073242188,101.19994354248047,149.8356475830078,153.0710906982422,347.2940979003906,68.31366729736328,117.07474517822266,103.17957305908203
2025-05-09,197.3163604736328,433.63946533203125,247.138671875,102.38301849365234,148.44952392578125,152.1159210205078,348.54974365234375,67.68976593017578,116.35655975341797,103.98444366455078
2025-05-12,209.77610778808594,444.04730224609375,253.94500732421875,104.14807891845703,148.3725128173828,155.24197387695312,351.8222351074219,66.73949432373047,122.69058227539062,108.450439453125
2025-05-13,211.90585327148438,443.9287109375,256.8355712890625,104.43429565429688,142.8857879638672,153.14828491210938,352.69378662109375,66.19236755371094,129.60313415527344,109.32401275634766
2025-05-14,211.30873107910156,447.6845703125,259.4037780761719,103.49929809570312,140.88360595703125,152.4632568359375,353.0106506347656,66.38434600830078,134.99954223632812,110.855224609375
2025-05-15,210.43296813964844,448.6946105957031,261.2103576660156,104.54883575439453,144.0120086669922,156.69888305664062,358.7940979003906,68.73601531982422,134.49082946777344,110.14851379394531
2025-05-16,210.24388122558594,449.82342529296875,261.2786865234375,104.17330932617188,145.66763305664062,157.53829956054688,361.5868225097656,69.11036682128906,135.05938720703125,111.32636260986328
2025-05-19,207.77578735351562,454.37841796875,258.66162109375,102.51717376708984,146.7842559814453,158.97589111328125,364.3399353027344,69.04317474365234,135.22897338867188,110.58039093017578
2025-05-20,205.8650360107422,453.6852722167969,259.44287109375,101.05359649658203,147.91046142578125,159.81529235839844,363.2901916503906,68.81280517578125,134.04196166992188,110.28592681884766
2025-05-21,201.1179656982422,448.14007568359375,254.91180419921875,99.8115005493164,147.4484100341797,159.6126708984375,354.83282470703125,68.96638488769531,131.4684600830078,108.4209976196289
2025-05-22,200.39149475097656,450.4076843261719,254.5504913330078,99.1471176147461,146.89974975585938,159.2267608642578,354.5060119628906,68.28488159179688,132.495849609375,109.07862854003906
2025-05-23,194.33078002929688,445.7734375,254.58953857421875,99.20487976074219,147.21739196777344,160.02755737304688,350.118896484375,68.88959503173828,130.959716796875,107.69466400146484
2025-05-27,199.24703979492188,456.1805725097656,259.06201171875,99.67668151855469,148.7804412841797,161.86074829101562,355.82318115234375,68.8991928100586,135.1591339111328,110.28592681884766
2025-05-28,199.45602416992188,452.8831787109375,257.30426025390625,98.31904602050781,147.984375,161.47482299804688,356.2490539550781,68.29446411132812,134.4708709716797,109.46143341064453
2025-05-29,198.98825073242188,454.1902770996094,258.16363525390625,98.87751770019531,149.10081481933594,162.63259887695312,358.8931579589844,68.6208267211914,138.83985900878906,109.95220184326172
2025-05-30,199.88392639160156,455.85382080078125,257.80230712890625,98.50198364257812,150.68328857421875,163.91583251953125,361.65618896484375,69.20634460449219,134.79010009765625,110.95337677001953
2025-06-02,200.72982788085938,457.44805908203125,258.44677734375,99.22413635253906,150.8677520751953,161.8800506591797,361.784912109375,69.11036682128906,137.03440856933594,110.86503601074219
2025-06-03,202.2923126220703,458.43829345703125,260.01898193359375,99.94629669189453,149.9163360595703,160.98275756835938,362.3196716308594,68.3040771484375,140.86473083496094,111.5030288696289
2025-06-04,201.84446716308594,459.3294982910156,258.0171203613281,98.50198364257812,148.75132751464844,160.11439514160156,364.4389953613281,68.50565338134766,141.56300354003906,111.39505767822266
2025-06-05,199.66500854492188,463.1021728515625,255.80043029785156,98.0494384765625,149.17848205566406,157.07516479492188,363.22088623046875,68.0641098022461,139.63784790039062,110.45278930664062
2025-06-06,202.93917846679688,465.7757568359375,259.4916687011719,100.39883422851562,150.508544921875,158.25225830078125,366.6374816894531,68.48644256591797,141.363525390625,111.79749298095703
2025-06-09,200.48106384277344,468.1225280761719,260.4779357910156,101.07286834716797,150.7026824951172,156.84359741210938,363.1119079589844,68.88959503173828,142.2711944580078,113.52501678466797
2025-06-10,201.6951904296875,466.3104248046875,262.2943115234375,103.23932647705078,151.8871307373047,157.11375427246094,367.1128845214844,69.44631958007812,143.5978546142578,116.5383529663086
2025-06-11,197.8238983154297,467.9938049316406,261.8548583984375,105.25172424316406,150.73182678222656,156.409423828125,369.6976013183594,69.17755126953125,142.4805908203125,117.31375885009766
2025-06-12,198.24188232421875,474.1826477050781,261.9427490234375,105.65614318847656,152.0909881591797,157.44178771972656,367.8060607910156,69.34072875976562,144.64529418945312,116.42054748535156
2025-06-13,195.50511169433594,470.3109436035156,258.7300109863281,107.95740509033203,152.51815795898438,154.64376831054688,349.435546875,68.65438079833984,141.62271118164062,115.76292419433594
2025-06-16,197.4656524658203,474.4499816894531,264.012939453125,108.30403900146484,150.69302368164062,155.22268676757812,352.0401306152344,68.17103576660156,144.33604431152344,117.27449798583984
2025-06-17,194.69900512695312,473.36077880859375,263.1927185058594,109.76760864257812,147.9358367919922,152.9456787109375,354.3772888183594,67.30101776123047,143.76744079589844,115.94941711425781
2025-06-18,195.63446044921875,475.5391845703125,267.5284423828125,108.98768615722656,146.3339385986328,152.4632568359375,337.0862731933594,66.90467071533203,145.12411499023438,115.68440246582031
2025-06-20,200.03321838378906,472.7270202636719,268.5440368652344,110.44161987304688,145.42135620117188,153.48597717285156,335.2937927246094,66.54698944091797,143.49810791015625,115.45864868164062
2025-06-23,200.53082275390625,481.24285888671875,271.7373046875,107.59151458740234,146.90673828125,155.36740112304688,340.42364501953125,67.4170150756836,143.81732177734375,115.57643127441406
2025-06-24,199.33657836914062,485.3126220703125,274.6571044921875,104.31773376464844,147.75137329101562,154.72097778320312,348.2273864746094,67.8713607788086,147.53819274902344,116.95645141601562
2025-06-25,200.5905303955078,487.45147705078125,277.391357421875,104.34663391113281,147.83876037597656,153.3798370361328,341.9190368652344,67.31068420410156,153.93251037597656,117.71546173095703
2025-06-26,200.03321838378906,492.5807800292969,281.9712219238281,105.90647888183594,147.5766143798828,153.0518035888672,342.68157958984375,67.15601348876953,154.64077758789062,119.7263412475586
2025-06-27,200.1128387451172,491.0855712890625,280.3697204589844,105.31912994384766,147.96495056152344,154.23855590820312,345.2366027832031,67.98737335205078,157.3640899658203,120.59378051757812
2025-06-30,204.1831512451172,492.5411682128906,283.1040344238281,103.79779052734375,148.29501342773438,153.71754455566406,351.6142883300781,68.39337921142578,157.60350036621094,122.23994445800781
2025-07-01,206.82041931152344,487.2336120605469,283.5922546386719,105.18431854248047,151.37257385253906,155.5507354736328,352.0302429199219,69.28273010253906,152.9249725341797,121.72736358642578
2025-07-02,211.418212890625,486.28302001953125,285.1449890136719,106.92713165283203,151.02308654785156,155.53143310546875,350.7923278808594,68.54804992675781,156.8653106689453,121.22464752197266
2025-07-03,212.52285766601562,493.9571533203125,290.443603515625,108.03443145751953,151.4599609375,155.1744384765625,355.38739013671875,68.973388671875,158.9501953125,122.2300796508789
2025-07-07,208.940185546875,492.8481140136719,286.4892578125,106.98490142822266,150.7415313720703,154.8560333251953,353.1889343261719,68.64472198486328,157.85289001464844,121.4020767211914
2025-07-08,208.9998779296875,491.7589111328125,277.47174072265625,109.95055389404297,151.246337890625,152.3378143310547,351.119140625,67.90036010742188,159.60858154296875,120.08120727539062
2025-07-09,210.12445068359375,498.58148193359375,277.8446350097656,109.57504272460938,151.7220916748047,151.98085021972656,354.298095703125,67.16567993164062,162.48155212402344,118.88847351074219
2025-07-10,211.3883514404297,496.5713806152344,282.78021240234375,110.66307830810547,153.09097290039062,152.916748046875,352.4363098144531,67.44601440429688,163.69854736328125,119.82491302490234
2025-07-11,210.1443634033203,498.393310546875,281.4751281738281,111.14451599121094,152.32400512695312,151.52735900878906,344.5632019042969,67.54269409179688,164.51654052734375,118.1590347290039
2025-07-14,207.61656188964844,498.09625244140625,283.2806701660156,109.69056701660156,152.24632263183594,148.35304260253906,347.1083068847656,67.15601348876953,163.66864013671875,118.25760650634766
2025-07-15,208.1042022705078,500.8688659667969,281.1709899902344,108.71808624267578,150.64443969726562,147.31101989746094,343.6619873046875,67.04967498779297,170.28240966796875,117.28173828125
2025-07-16,209.14915466308594,500.6708068847656,280.4547119140625,108.06332397460938,159.97418212890625,148.32411193847656,346.5141296386719,66.9626693725586,170.9507598876953,118.10974884033203
2025-07-17,209.0098419189453,506.6912841796875,284.4580993652344,107.51448822021484,158.2266845703125,150.14764404296875,346.42498779296875,68.23870086669922,172.5767822265625,120.46562957763672
2025-07-18,210.16427612304688,505.05743408203125,285.8023681640625,103.76890563964844,158.9256591796875,150.6693115234375,345.67236328125,67.52336120605469,171.98822021484375,119.6869125366211
2025-07-21,211.45799255371094,505.06732177734375,285.50799560546875,104.03851318359375,159.56642150878906,150.60130310058594,347.5440673828125,67.73602294921875,170.96075439453125,119.11518859863281
2025-07-22,213.36875915527344,500.32421875,285.9593811035156,104.51032257080078,163.0323028564453,153.79734802246094,348.45513916015625,67.33967590332031,166.6213836669922,119.33204650878906
2025-07-23,213.11996459960938,500.9183349609375,291.1893615722656,105.84871673583984,164.16818237304688,153.75845336914062,351.85198974609375,66.85633850097656,170.3622283935547,121.18521881103516
2025-07-24,212.7318572998047,505.87933349609375,290.9832763671875,106.67678833007812,164.61477661132812,154.27330017089844,350.54473876953125,66.79833221435547,173.3149871826172,120.20934295654297
2025-07-25,212.85125732421875,508.6816101074219,293.014404296875,106.30126190185547,163.3915252685547,153.77789306640625,353.5850830078125,66.86599731445312,173.0755615234375,119.73619842529297
2025-07-28,213.0204620361328,507.4834899902344,292.6808166503906,107.30265808105469,161.37217712402344,152.62188720703125,352.0302429199219,65.82197570800781,176.31761169433594,118.65190124511719
2025-07-29,210.25384521484375,507.55279541015625,291.4640808105469,108.6891860961914,163.20706176757812,152.13616943359375,347.8907165527344,67.06900787353516,175.0806427001953,118.1984634399414
2025-07-30,208.0445098876953,508.2162170410156,294.0054626464844,107.74557495117188,162.38185119628906,148.51272583007812,347.5143737792969,66.45999145507812,178.83145141601562,117.83374786376953
2025-07-31,206.57162475585938,528.2779541015625,290.6790771484375,107.49522399902344,159.9353485107422,146.1715850830078,342.12701416015625,65.62863159179688,177.43487548828125,117.40988159179688
2025-08-01,201.40658569335938,518.9797973632812,283.9380798339844,105.56947326660156,162.44981384277344,146.346435546875,336.0661926269531,66.56632995605469,173.29502868652344,114.92584991455078
2025-08-04,202.37191772460938,530.3970336914062,288.7362365722656,103.38375854492188,166.0515899658203,146.4532928466797,338.839111328125,66.66299438476562,179.5596466064453,117.64645385742188
2025-08-05,201.94400024414062,522.5841674804688,285.9005126953125,103.25858306884766,165.76036071777344,146.21041870117188,334.1648254394531,66.75,177.8238983154297,116.63116455078125
2025-08-06,212.2242889404297,519.8016967773438,285.8808898925781,102.5556869506836,165.61471557617188,148.4932861328125,336.45245361328125,67.1946792602539,178.98109436035156,113.52611541748047
2025-08-07,218.9716796875,515.7418823242188,281.5537109375,102.01647186279297,166.5272979736328,149.1053009033203,328.8764953613281,68.08403015136719,180.32778930664062,111.26880645751953
2025-08-08,228.2468719482422,516.9300537109375,283.3395080566406,102.83492279052734,168.27481079101562,149.12472534179688,333.5211181640625,67.99703216552734,182.25303649902344,110.82523345947266
2025-08-11,226.3438720703125,516.6627197265625,284.1244812011719,101.90092468261719,168.7505340576172,150.55271911621094,332.6496276855469,68.39337921142578,181.6146240234375,110.94351959228516
2025-08-12,228.80479431152344,524.0595703125,287.35272216796875,102.18978881835938,167.7408447265625,150.6595916748047,334.0682678222656,68.35470581054688,182.71194458007812,112.0968246459961
2025-08-13,232.47125244140625,515.484375,285.0762939453125,103.60521697998047,169.33303833007812,150.970458984375,339.8321533203125,68.113037109375,181.14576721191406,114.97514343261719
2025-08-14,231.9232940673828,517.36572265625,288.6381530761719,103.39337921142578,169.62428283691406,149.34817504882812,342.74884033203125,67.23334503173828,181.57472229003906,114.64984130859375
2025-08-15,230.73764038085938,515.078369140625,285.03704833984375,103.49056243896484,171.48828125,149.95045471191406,341.7369384765625,67.59101867675781,180.008544921875,113.74298095703125
2025-08-18,230.0402374267578,512.0383911132812,286.0574951171875,103.7140884399414,171.10964965820312,151.27159118652344,340.0206604003906,66.82733917236328,181.5647430419922,114.88642883300781
2025-08-19,229.71144104003906,504.7801818847656,285.2038269042969,104.39437103271484,172.6144561767578,153.87503051757812,339.73297119140625,67.79402160644531,175.2103271484375,114.61041259765625
2025-08-20,225.17819213867188,500.7698669433594,286.754150390625,105.47310638427734,173.6240997314453,154.95333862304688,341.20123291015625,68.34503936767578,174.9709014892578,115.36943054199219
2025-08-21,224.07229614257812,500.1251525878906,285.9986572265625,106.15339660644531,173.71148681640625,154.1956024169922,340.963134765625,68.3063735961914,174.5519256591797,114.55126953125
2025-08-22,226.9217529296875,503.09075927734375,290.6790771484375,108.1456527709961,174.0609893798828,154.1373291015625,347.2627258300781,67.79402160644531,177.55458068847656,117.1634521484375
2025-08-25,226.32395935058594,500.14495849609375,289.3642272949219,108.59268951416016,173.2066650390625,151.68931579589844,346.05242919921875,66.63400268554688,179.37013244628906,116.02986145019531
2025-08-26,228.46604919433594,497.9430847167969,292.96539306640625,108.34972381591797,172.60032653808594,151.51446533203125,348.3936767578125,66.44065856933594,181.32534790039062,115.9707260131836
2025-08-27,229.64170837402344,502.6047668457031,293.6620178222656,109.57424926757812,172.89370727539062,152.47618103027344,347.57025146484375,66.5373306274414,181.15574645996094,116.40443420410156
2025-08-28,231.70408630371094,505.4810791015625,295.4184265136719,110.1573486328125,171.58323669433594,151.20358276367188,347.0841369628906,66.0829849243164,179.72923278808594,115.96086883544922
2025-08-29,231.28562927246094,502.5551452636719,295.7618713378906,111.07087707519531,173.2653350830078,152.5538787841797,348.98895263671875,66.6919937133789,173.75389099121094,116.69029998779297
2025-09-02,228.8745574951172,500.9979553222656,294.0741882324219,111.45960235595703,174.13571166992188,153.47674560546875,347.29248046875,66.7596664428711,170.3622283935547,116.58187103271484
2025-09-03,237.59234619140625,501.22607421875,293.8876953125,108.7579116821289,174.07704162597656,153.65159606933594,348.086181640625,66.6919937133789,170.2025909423828,115.70457458496094
2025-09-04,238.8975067138672,503.82470703125,298.1167907714844,109.2341079711914,174.82029724121094,154.64247131347656,348.2052001953125,65.97665405273438,171.2400665283203,117.1141586303711
2025-09-05,238.80784606933594,490.9605407714844,288.85400390625,106.15339660644531,174.49755859375,155.44876098632812,340.4968566894531,65.69630432128906,166.61141967773438,116.22701263427734
2025-09-08,237.0045166015625,494.13446044921875,287.4115905761719,106.75593566894531,174.2041778564453,154.4676055908203,339.5841369628906,65.1839599609375,167.89825439453125,117.14373779296875
2025-09-09,233.4875030517578,494.34271240234375,292.2588806152344,107.53339385986328,173.0599822998047,154.90476989746094,341.2607421875,65.59964752197266,170.34225463867188,115.6947250366211
2025-09-10,225.955322265625,496.2867126464844,294.8984069824219,109.33129119873047,171.91574096679688,152.8550262451172,335.4372863769531,65.56098175048828,176.8961944580078,114.13726806640625
2025-09-11,229.1833953857422,496.9215087890625,299.8241271972656,108.9814224243164,174.56602478027344,154.09848022460938,340.76470947265625,65.36763763427734,176.7465362548828,115.40885925292969
2025-09-12,233.2085418701172,505.7389221191406,301.1488037109375,109.00086975097656,174.13571166992188,153.3893280029297,336.7369079589844,64.7779541015625,177.39501953125,114.30484771728516
2025-09-15,235.828857421875,511.1543884277344,303.1014404296875,109.18550872802734,173.49026489257812,152.34988403320312,336.3598937988281,64.4954605102539,177.32516479492188,113.9697036743164
2025-09-16,237.27349853515625,504.8859558105469,303.3860168457031,111.44988250732422,172.5709991455078,153.53504943847656,337.3321533203125,64.5246810913086,174.4620361328125,113.58527374267578
2025-09-17,238.11044311523438,505.8579406738281,305.8979187011719,112.0427017211914,173.294677734375,155.74990844726562,343.4532470703125,65.30396270751953,169.88296508789062,114.44284057617188
2025-09-18,237.0045166015625,504.3008117675781,307.3501892089844,110.72101593017578,170.32168579101562,152.82591247558594,335.496826171875,64.73897552490234,175.8187713623047,113.22054290771484
2025-09-19,244.59645080566406,513.703369140625,308.8710632324219,109.64228057861328,172.30694580078125,151.58245849609375,338.89959716796875,64.70977020263672,176.24774169921875,112.13624572753906
2025-09-22,255.13751220703125,510.25189208984375,306.5749816894531,108.86479949951172,170.37057495117188,148.69729614257812,341.6277770996094,64.4954605102539,183.17115783691406,110.953369140625
2025-09-23,253.4936065673828,505.0744323730469,306.8693542480469,110.74044036865234,172.68833923339844,148.1436004638672,336.0127258300781,64.98251342773438,178.0035400390625,110.6478042602539
2025-09-24,251.3813934326172,505.9869079589844,307.5365905761719,111.33326721191406,172.79591369628906,148.06585693359375,335.99285888671875,64.72924041748047,176.54702758789062,111.81095886230469
2025-09-25,255.9246063232422,502.8923645019531,307.5660400390625,112.33424377441406,173.81298828125,147.80357360839844,332.2726135253906,64.27143096923828,177.2653045654297,111.37723541259766
2025-09-26,254.51980590820312,507.28619384765625,310.1270446777344,113.91835021972656,175.74935913085938,148.1436004638672,334.6932678222656,63.96944046020508,177.7641143798828,111.85038757324219
2025-09-29,253.4936065673828,510.4005432128906,309.7640075683594,111.00284576416016,177.6172637939453,149.14414978027344,337.46112060546875,64.3298568725586,181.41537475585938,113.14168548583984
2025-09-30,253.69285583496094,513.7232666015625,309.50885009765625,109.57424926757812,181.33352661132812,149.26072692871094,338.67144775390625,64.60261535644531,186.13406372070312,112.86568450927734
2025-10-01,254.5098419189453,515.4689331054688,304.8774719238281,108.83563995361328,181.94961547851562,148.8041534423828,345.07025146484375,65.05070495605469,186.79248046875,111.33780670166016
2025-10-02,256.1836853027344,511.53131103515625,301.77679443359375,108.1553726196289,181.8811798095703,147.70645141601562,343.2051696777344,64.3883056640625,188.4385528564453,110.53936767578125
2025-10-03,257.0704040527344,513.1281127929688,304.2102355957031,110.06987762451172,184.4825439453125,147.920166015625,347.0643310546875,64.92407989501953,187.17156982421875,110.86466217041016
2025-10-06,255.74526977539062,524.256591796875,304.8511047363281,110.9833984375,184.01312255859375,146.11328125,346.5087890625,64.3883056640625,185.09654235839844,111.14066314697266
2025-10-07,255.53607177734375,519.7039794921875,303.3819885253906,111.04170989990234,184.72703552246094,148.18243408203125,349.6239013671875,65.0604476928711,184.5977325439453,110.9238052368164
2025-10-08,257.1102294921875,520.56689453125,299.7732238769531,110.80847930908203,185.5093994140625,146.38528442382812,348.572265625,64.40779113769531,188.65802001953125,110.29293823242188
2025-10-09,253.10504150390625,518.136962890625,301.25225830078125,109.72974395751953,186.8687744140625,146.27842712402344,344.28656005859375,64.65131378173828,192.1097412109375,109.40577697753906
2025-10-10,244.3673095703125,506.790283203125,296.6772155761719,107.61113739013672,186.51670837402344,145.4138641357422,340.9234619140625,65.30396270751953,182.7222442626953,107.63147735595703
2025-10-13,246.74851989746094,509.8550720214844,303.6580505371094,109.07860565185547,186.69273376464844,143.27671813964844,340.5762023925781,65.07018280029297,187.8699188232422,108.69606018066406
2025-10-14,246.8581085205078,509.3790283203125,297.85052490234375,109.12720489501953,186.6438446044922,144.8990020751953,345.61590576171875,65.76180267333984,179.59971618652344,109.58321380615234
2025-10-15,248.42233276367188,509.2401428222656,301.40997314453125,108.46635437011719,186.956787109375,143.2086944580078,342.947265625,65.34293365478516,179.40020751953125,110.1155014038086
2025-10-16,246.53929138183594,507.4349670410156,294.360107421875,107.52366638183594,187.88584899902344,145.32643127441406,332.7389221191406,65.83972930908203,181.37545776367188,108.3116226196289
2025-10-17,251.36146545410156,509.3888854980469,293.3938293457031,109.07860565185547,188.9616241455078,147.0749969482422,339.17742919921875,66.66771697998047,182.7821044921875,109.09034729003906
2025-10-20,261.27484130859375,512.57275390625,298.1266174316406,109.52564239501953,189.45059204101562,147.61900329589844,341.6773986816406,66.66771697998047,182.20347595214844,110.3619384765625
2025-10-21,261.8028869628906,513.4356079101562,292.9303894042969,109.53536987304688,187.65115356445312,147.2886962890625,344.4552001953125,69.375732421875,180.72702026367188,112.66854095458984
2025-10-22,257.498779296875,516.2921142578125,289.9920959472656,111.47904205322266,188.68780517578125,147.85214233398438,342.6198425292969,68.97633361816406,179.84912109375,111.46595001220703
2025-10-23,258.6246337890625,516.3118896484375,290.4161071777344,112.71327209472656,188.2281494140625,147.8618927001953,343.2151184082031,68.1288833618164,181.724609375,111.41666412353516
2025-10-24,261.8527526855469,519.3370971679688,296.2334899902344,112.13988494873047,186.2037353515625,149.1697540283203,344.6238708496094,67.90483093261719,185.8148193359375,110.0859375
2025-10-27,267.8206787109375,527.1824951171875,299.8915710449219,112.67439270019531,186.10595703125,148.4360809326172,345.06036376953125,68.24576568603516,191.03231811523438,110.73651123046875
2025-10-28,268.0099792480469,537.6463623046875,301.0845947265625,111.79002380371094,182.81024169921875,148.0741424560547,344.14764404296875,68.34317779541016,200.54953002929688,110.05636596679688
2025-10-29,268.7073974609375,537.130615234375,301.2325134277344,113.1700210571289,182.48751831054688,145.53074645996094,338.5722351074219,66.58003997802734,206.54515075683594,108.66648864746094
2025-10-30,270.401123046875,521.469482421875,305.10748291015625,111.45960235595703,184.88351440429688,146.3231201171875,342.2925109863281,67.19373321533203,202.4050750732422,110.24365234375
2025-10-31,269.37493896484375,513.5844116210938,306.7639465332031,111.13890075683594,184.7074737548828,147.09591674804688,338.0365295410156,67.11579895019531,202.0060272216797,111.01252746582031
2025-11-03,268.05975341796875,512.810791015625,305.01873779296875,110.55579376220703,182.15499877929688,144.79708862304688,334.2270202636719,66.20987701416016,206.38555908203125,110.51966094970703
2025-11-04,269.046142578125,510.1327819824219,304.920166015625,110.92509460449219,182.7417755126953,143.96559143066406,337.6000061035156,66.88202667236328,198.21511840820312,109.87893676757812
2025-11-05,269.14581298828125,503.02130126953125,307.3161315917969,110.4780502319336,181.90072631835938,142.61563110351562,337.34210205078125,66.73590087890625,194.74343872070312,109.77050018310547
2025-11-06,268.7771301269531,493.04339599609375,309.0317687988281,111.27495574951172,182.849365234375,142.9482421875,334.2865295410156,67.27165985107422,187.63047790527344,108.91291809082031
2025-11-07,267.48193359375,492.76568603515625,309.8106689453125,113.91835021972656,182.4581756591797,143.7797088623047,333.3539733886719,68.72308349609375,187.70028686523438,109.15935516357422
2025-11-10,268.6986083984375,501.87078857421875,312.4531555175781,114.89018249511719,184.25762939453125,142.3319549560547,332.1932373046875,68.69384765625,198.5742645263672,110.637939453125
2025-11-11,274.5028381347656,504.5289001464844,311.2009582519531,116.40623474121094,189.55816650390625,145.3057403564453,336.2309875488281,69.75562286376953,192.6983184814453,113.21068572998047
2025-11-12,272.7276306152344,506.9688415527344,315.92388916015625,114.79299926757812,190.10580444335938,144.78729248046875,336.8572082519531,69.65821075439453,193.3367919921875,114.98500061035156
2025-11-13,272.2090759277344,499.1828918457031,305.1469421386719,115.4441146850586,190.94686889648438,144.73838806152344,334.0738830566406,69.22960662841797,186.41339111328125,106.07402801513672
2025-11-14,271.6705322265625,506.0166320800781,299.3591003417969,116.94403076171875,191.61187744140625,144.45469665527344,328.050048828125,69.3172836303711,189.71546936035156,104.28986358642578
2025-11-17,266.73394775390625,503.3486328125,296.1644592285156,115.36569213867188,195.18145751953125,142.64498901367188,323.8055725097656,68.8497085571289,186.15402221679688,104.18143463134766
2025-11-18,266.7140197753906,489.7604064941406,295.2179260253906,116.68914794921875,195.59217834472656,143.78952026367188,319.2628479003906,69.375732421875,180.92654418945312,104.76300811767578
2025-11-19,267.8309631347656,483.14483642578125,299.02386474609375,115.04218292236328,198.04685974121094,143.78952026367188,322.185302734375,69.2685775756836,186.07420349121094,103.17598724365234
2025-11-20,265.5272521972656,475.41387939453125,294.2023620605469,114.71866607666016,198.59451293945312,144.96337890625,321.8373718261719,69.36598205566406,180.208251953125,101.2341079711914
2025-11-21,270.7530212402344,469.1436462402344,293.84735107421875,114.7774887084961,199.40623474121094,147.63394165039062,326.0222473144531,71.06092071533203,178.4524688720703,102.79155731201172
2025-11-24,275.1710205078125,471.0118103027344,293.8276672363281,113.68932342529297,201.5088348388672,143.7797088623047,327.3343811035156,70.71024322509766,182.11370849609375,100.4849624633789
2025-11-25,276.2181396484375,473.98297119140625,298.7576599121094,112.25802612304688,203.39846801757812,145.25685119628906,332.5331726074219,70.72972869873047,177.39501953125,101.83539581298828
2025-11-26,276.79656982421875,482.4393310546875,303.33270263671875,112.5129165649414,204.2743682861328,145.02206420898438,331.7975769042969,70.99273681640625,179.8291473388672,101.95369720458984
2025-11-28,278.093017578125,488.9082946777344,308.6965026855469,113.64030456542969,203.64450073242188,144.9340362548828,332.4437255859375,71.22652435302734,176.57696533203125,102.97885131835938
2025-12-01,282.33148193359375,483.6714782714844,304.59478759765625,114.33634185791016,202.08950805664062,144.22972106933594,328.41790771484375,70.57909393310547,179.48995971679688,105.24601745605469
2025-12-02,285.4131164550781,486.91094970703125,303.5693054199219,113.11092376708984,202.16824340820312,142.6841278076172,327.6524658203125,69.323486328125,181.02630615234375,103.3337173461914
2025-12-03,283.378662109375,474.7182922363281,307.75982666015625,115.48332977294922,202.0796661376953,143.515625,327.64251708984375,69.46080780029297,179.16078186035156,104.23072052001953
2025-12-04,279.93804931640625,477.8087158203125,311.6742248535156,114.83631134033203,199.27479553222656,142.19500732421875,325.1475524902344,69.10767364501953,182.95188903808594,103.9645767211914
2025-12-05,278.02325439453125,480.11407470703125,310.6290588378906,114.24810791015625,198.73348999023438,140.3265838623047,329.2627868652344,68.66625213623047,181.98414611816406,103.79700469970703
2025-12-08,277.1356506347656,487.92449951171875,310.79669189453125,113.69912719726562,198.4283905029297,135.3278350830078,324.8890686035156,68.91149139404297,185.1168212890625,106.09374237060547
2025-12-09,276.4275817871094,488.918212890625,296.30255126953125,115.92448425292969,196.794677734375,136.58975219726562,324.55108642578125,68.75453186035156,184.53817749023438,105.49244689941406
2025-12-10,278.02325439453125,475.5430603027344,305.7680969238281,117.1891098022461,203.2705078125,136.775634765625,323.78570556640625,68.87224578857422,183.35096740722656,107.27661895751953
2025-12-11,277.2752380371094,480.4221496582031,312.9363098144531,117.1891098022461,206.68557739257812,137.69515991210938,343.5669250488281,67.793212890625,180.50759887695312,109.86907196044922
2025-12-12,277.52459716796875,475.5132751464844,314.06036376953125,116.48326873779297,208.23074340820312,139.72987365722656,345.7537536621094,69.17633819580078,174.61141967773438,110.00707244873047
2025-12-15,273.3658752441406,471.82666015625,315.5393371582031,115.44412231445312,210.77972412109375,141.97000122070312,344.81939697265625,69.6177749633789,175.87843322753906,109.64981079101562
2025-12-16,273.8645324707031,473.38677978515625,311.1319274902344,112.42469024658203,205.98681640625,142.04827880859375,343.0500183105469,69.02920532226562,177.3050994873047,110.77122497558594
2025-12-17,271.10205078125,473.1184387207031,310.5699157714844,115.10101318359375,207.00050354003906,144.59165954589844,342.35418701171875,69.323486328125,170.54092407226562,109.78874969482422
2025-12-18,271.45111083984375,480.9289245605469,308.6176452636719,114.24810791015625,205.01248168945312,142.3515167236328,343.94464111328125,69.01939392089844,173.73345947265625,111.01932525634766
2025-12-19,272.9271240234375,482.856689453125,312.7686767578125,114.3951644897461,203.10321044921875,141.3146209716797,347.1653137207031,68.72510528564453,180.56748962402344,110.39411163330078
2025-12-22,270.2344665527344,481.86297607421875,318.56634521484375,115.82644653320312,204.0381622314453,139.5831298828125,349.98834228515625,68.87224578857422,183.26116943359375,111.52543640136719
2025-12-23,271.62066650390625,483.7807922363281,321.3666076660156,117.07146453857422,202.52255249023438,140.06246948242188,351.2706298828125,68.53873443603516,188.76829528808594,112.35905456542969
2025-12-24,273.0667419433594,484.94342041015625,324.561279296875,116.87541198730469,204.4908905029297,141.3439483642578,353.0201416015625,68.77415466308594,188.169677734375,113.6094741821289
2025-12-26,272.6578063964844,484.6354064941406,323.3188781738281,116.76757049560547,204.34326171875,141.58851623535156,352.8810119628906,68.53873443603516,190.085205078125,112.69646453857422
2025-12-29,273.0168762207031,484.02923583984375,319.2171325683594,118.1596450805664,204.2743682861328,141.42222595214844,352.4932861328125,68.82321166992188,187.7805938720703,113.3216781616211
2025-12-30,272.33868408203125,484.4068603515625,318.89178466796875,118.610595703125,203.6346435546875,140.9135284423828,351.5091857910156,68.73492431640625,187.1021728515625,113.9171142578125
2025-12-31,271.12200927734375,480.5711669921875,317.70855712890625,117.97338104248047,203.6740264892578,140.18963623046875,348.6165771484375,68.57797241210938,186.06460571289062,112.90486907958984
2026-01-02,270.2743225097656,469.95849609375,320.92291259765625,120.23795318603516,204.06768798828125,138.70272827148438,344.4118347167969,67.80301666259766,188.4091339111328,110.99947357177734
2026-01-05,266.5345153808594,469.86907958984375,329.3630676269531,122.8946533203125,201.0758056640625,137.3136444091797,351.6881408691406,66.6455078125,187.68081665039062,113.20259094238281
2026-01-06,261.6477966308594,475.4933776855469,331.41326904296875,118.66942596435547,201.5482177734375,136.86366271972656,355.42572021484375,66.54740142822266,186.80288696289062,113.69879150390625
2026-01-07,259.623291015625,480.4221496582031,323.8660583496094,116.15975952148438,204.20547485351562,135.0343780517578,353.7557067871094,66.25312805175781,188.66851806640625,112.0514144897461
2026-01-08,258.33685302734375,475.0959167480469,326.63934326171875,120.49284362792969,202.49301147460938,138.44837951660156,350.1275329589844,68.04826354980469,184.60801696777344,113.30182647705078
2026-01-09,258.6659240722656,476.258544921875,326.0450744628906,122.15940856933594,201.15455627441406,138.78097534179688,347.68218994140625,69.16653442382812,184.42843627929688,114.99882507324219
2026-01-12,259.54351806640625,474.1717529296875,321.3899841308594,121.59081268310547,206.4001922607422,140.33639526367188,341.15142822265625,69.15672302246094,184.5082550048828,111.96209716796875
2026-01-13,260.3413391113281,467.70281982421875,307.9298095703125,124.05144500732422,210.26795959472656,141.09939575195312,325.9228515625,69.88262176513672,185.37620544433594,112.12088012695312
2026-01-14,259.25433349609375,456.4840087890625,304.9287414550781,127.63945770263672,215.09039306640625,143.16343688964844,327.2052001953125,70.07881927490234,182.71246337890625,112.66669464111328
2026-01-15,257.5090637207031,453.7811279296875,306.30548095703125,126.59052276611328,216.09425354003906,141.4809112548828,325.79364013671875,69.1371078491211,186.6133270263672,112.54761505126953
2026-01-16,254.8363494873047,456.9609375,309.48480224609375,127.33556365966797,215.1986541748047,141.38307189941406,326.34033203125,69.0978775024414,185.7952423095703,110.35440826416016
2026-01-20,246.0303192138672,451.65460205078125,299.8477478027344,127.89437103271484,214.7557830810547,143.79930114746094,323.87518310546875,70.38290405273438,177.65431213378906,109.5009536743164
2026-01-21,246.97775268554688,441.3102111816406,299.15447998046875,130.982421875,214.55894470214844,142.87974548339844,323.33837890625,70.63795471191406,182.89202880859375,112.32928466796875
2026-01-22,247.67584228515625,448.29595947265625,300.729248046875,131.01182556152344,215.03135681152344,146.6654815673828,324.41192626953125,70.50061798095703,184.40847778320312,112.34912872314453
2026-01-23,247.36668395996094,463.0125732421875,294.875732421875,132.315673828125,216.6552276611328,147.92355346679688,324.2330017089844,71.49137878417969,187.23187255859375,110.13609313964844
2026-01-26,254.7166748046875,467.3152770996094,298.1640319824219,132.18821716308594,217.98385620117188,147.27334594726562,326.5292053222656,71.17747497558594,186.03468322753906,110.46357727050781
2026-01-27,257.5688781738281,477.5503234863281,297.44097900390625,134.13906860351562,220.8871612548828,146.14039611816406,323.3185119628906,72.14861297607422,188.07989501953125,109.76890563964844
2026-01-28,255.74388122558594,478.5937194824219,297.89654541015625,134.87432861328125,224.11524963378906,145.15521240234375,325.02825927734375,71.6679458618164,191.0728759765625,108.72688293457031
2026-01-29,257.5788879394531,430.76715087890625,303.49261474609375,137.7467041015625,223.69203186035156,147.67726135253906,329.8194580078125,72.03089904785156,192.06057739257812,110.73152923583984
2026-01-30,258.775634765625,427.577392578125,302.9676818847656,138.61920166015625,223.6526641845703,149.51954650878906,319.9089660644531,73.38459777832031,190.68380737304688,111.94225311279297
2026-02-02,269.2770690917969,420.70098876953125,305.1961669921875,135.67819213867188,227.0972900390625,150.91848754882812,331.8472900390625,73.89469909667969,185.1766815185547,103.6557388305664
2026-02-03,268.7485046386719,408.61767578125,311.8420715332031,140.90338134765625,229.4100799560547,153.01690673828125,326.96661376953125,75.42496490478516,179.91897583007812,103.427490234375
2026-02-04,275.73944091796875,411.5788879394531,314.23895263671875,144.68746948242188,230.7583770751953,154.54391479492188,327.98052978515625,75.87620544433594,173.78335571289062,106.23597717285156
2026-02-05,275.1610107421875,391.1882629394531,307.1968688964844,143.20718383789062,234.02581787109375,156.25811767578125,327.1653747558594,77.01410675048828,171.47874450683594,104.17179107666016
2026-02-06,277.3650207519531,398.6111755371094,319.3199462890625,146.1187744140625,236.19100952148438,156.809814453125,329.6007995605469,77.5241928100586,184.9771728515625,107.87342071533203
2026-02-09,274.13079833984375,410.99261474609375,319.0228271484375,148.2362823486328,234.86236572265625,154.99710083007812,323.6365966796875,76.48440551757812,189.59632873535156,106.31536102294922
2026-02-10,273.19244384765625,410.6646423339844,315.2392883300781,148.6088104248047,234.5769805908203,156.72116088867188,326.8838195800781,75.34649658203125,188.099853515625,109.12384033203125
2026-02-11,275.00921630859375,401.8207702636719,307.8505554199219,152.50074768066406,237.0472412109375,157.6275177001953,327.9496154785156,77.1023941040039,189.6063232421875,107.29783630371094
2026-02-12,261.2637634277344,399.3067626953125,299.7487487792969,147.9611358642578,240.67881774902344,158.81956481933594,322.909423828125,77.4947738647461,186.5035858154297,101.60147857666016
2026-02-13,255.32435607910156,398.7900085449219,299.6595764160156,146.50057983398438,239.5962371826172,157.6964874267578,312.8490295410156,77.18087005615234,182.3832244873047,104.64813232421875
2026-02-17,263.4099426269531,394.3581237792969,304.1958312988281,144.270263671875,239.47813415527344,157.18417358398438,318.247802734375,78.04409790039062,184.53817749023438,104.63821411132812
2026-02-18,263.8791198730469,397.0808410644531,305.8300476074219,148.7012939453125,241.1118621826172,154.53407287597656,319.0446472167969,77.97543334960938,187.5411376953125,106.28559112548828
2026-02-19,260.11578369140625,396.8517761230469,305.10699462890625,148.98748779296875,243.00146484375,156.2088623046875,317.6800231933594,77.40648651123047,187.46133422851562,105.19395446777344
2026-02-20,264.1086730957031,395.6267395019531,307.82086181640625,145.345947265625,238.65142822265625,158.39593505859375,319.692138671875,78.31876373291016,189.37686157226562,104.77715301513672
2026-02-23,265.705810546875,382.9182434082031,294.8262023925781,148.78024291992188,241.9484100341797,162.72084045410156,305.3186340332031,79.0250473022461,191.10281372070312,103.61605072021484
2026-02-24,271.6552429199219,387.429931640625,294.459716796875,147.29994201660156,243.6699676513672,162.8292236328125,306.01593017578125,79.18199920654297,192.39979553222656,105.24357604980469
2026-02-25,273.74151611328125,398.9831237792969,300.40240478515625,147.10256958007812,242.5717315673828,160.9672393798828,311.7632751464844,78.93675994873047,195.10345458984375,104.25118255615234
2026-02-26,272.4637756347656,400.0986022949219,303.20538330078125,146.58938598632812,240.88975524902344,161.3218994140625,315.4587707519531,78.96619415283203,184.4583740234375,104.74738311767578
2026-02-27,263.70941162109375,391.15484619140625,297.4310607910156,150.49740600585938,245.79718017578125,164.72073364257812,318.88531494140625,80.00598907470703,176.77635192871094,105.23365020751953
2026-03-02,264.2484130859375,396.9413757324219,294.7172546386719,152.19480895996094,245.92579650878906,161.08544921875,319.25384521484375,78.6915283203125,182.05398559570312,103.53665924072266
2026-03-03,263.2801818847656,402.2996826171875,297.3914489746094,149.83619689941406,244.13497924804688,157.35166931152344,319.57257080078125,77.82829284667969,179.62966918945312,102.51448822021484
2026-03-04,262.0523376464844,403.5645751953125,296.52978515625,147.85260009765625,242.7003631591797,155.9527130126953,319.2139892578125,76.6119155883789,182.6126708984375,102.2564697265625
2026-03-05,259.8263244628906,409.0224304199219,290.74554443359375,148.78024291992188,237.0904541015625,151.7066192626953,318.5466003417969,75.56230163574219,182.91197204589844,101.63125610351562
2026-03-06,257.0013427734375,407.30938720703125,286.7144470214844,149.22434997558594,237.85227966308594,151.35195922851562,316.1161804199219,75.5721206665039,177.40489196777344,100.76787567138672
2026-03-09,259.41705322265625,407.757568359375,287.1502685546875,148.46444702148438,240.01905822753906,152.9183807373047,314.73162841796875,76.31764221191406,182.2235870361328,100.886962890625
2026-03-10,260.3653564453125,404.122314453125,285.97161865234375,146.18479919433594,241.12721252441406,153.6966552734375,313.1976623535156,76.39611053466797,184.33863830566406,100.54954528808594
2026-03-11,260.34539794921875,403.245849609375,284.77313232421875,149.5894775390625,240.41482543945312,151.04656982421875,307.74908447265625,76.15087127685547,185.60574340820312,100.12281036376953
2026-03-12,255.3043975830078,400.2380065917969,280.1874084472656,151.5138702392578,239.47488403320312,148.26837158203125,305.29876708984375,76.13125610351562,182.72235107421875,98.67391967773438
2026-03-13,249.6744384765625,393.9534912109375,280.7321472167969,154.06985473632812,238.9604034423828,148.4161376953125,305.9362487792969,76.38804626464844,179.83892822265625,98.53498077392578
2026-03-16,252.36964416503906,398.33575439453125,283.4261474609375,155.165283203125,240.61270141601562,149.86434936523438,308.8945617675781,76.86214447021484,182.8021697998047,97.90977478027344
2026-03-17,253.77711486816406,397.7979431152344,284.1492004394531,156.7245330810547,235.5865478515625,149.2338409423828,307.25103759765625,76.62510681152344,181.5150909423828,99.53730010986328
2026-03-18,249.49476623535156,390.20867919921875,284.9910583496094,155.5205535888672,234.7653350830078,144.53457641601562,297.8480529785156,75.03491973876953,179.98858642578125,98.66399383544922
2026-03-19,248.5165252685547,387.4498596191406,285.2188415527344,156.08306884765625,235.0819549560547,142.69229125976562,298.53533935546875,74.62008666992188,178.1527862548828,98.44566345214844
2026-03-20,247.54823303222656,380.3287048339844,283.8223571777344,157.5732421875,232.87557983398438,142.14059448242188,300.4378662109375,73.8299331665039,172.30613708496094,98.75331115722656
2026-03-23,251.04200744628906,381.4541931152344,287.14031982421875,159.0140838623047,232.925048828125,141.8549041748047,303.246826171875,74.18550109863281,175.23944091796875,97.20516967773438
2026-03-24,251.1917266845703,371.2355651855469,289.6065368652344,163.20826721191406,232.77664184570312,141.03721618652344,302.5694885253906,73.75091552734375,174.80044555664062,95.65703582763672
2026-03-25,252.16998291015625,369.5424499511719,292.59771728515625,161.11610412597656,237.3872528076172,141.7859344482422,303.7149658203125,74.32377624511719,178.2725067138672,95.22037506103516
2026-03-26,252.43951416015625,364.4928894042969,288.8736267089844,163.25759887695312,236.70458984375,140.3081817626953,304.33251953125,73.77067565917969,170.8494873046875,94.02950286865234
2026-03-27,248.35679626464844,355.3300476074219,280.13787841796875,168.7445831298828,237.90174865722656,140.59388732910156,294.3617858886719,74.77812194824219,167.13795471191406,91.71721649169922
2026-03-30,246.19065856933594,357.5111999511719,281.0589904785156,169.21827697753906,239.92013549804688,142.57408142089844,298.36602783203125,75.33122253417969,164.79331970214844,93.60277557373047
2026-03-31,253.33790588378906,368.67596435546875,291.3497314453125,167.4320526123047,241.84947204589844,142.29823303222656,301.055419921875,75.11393737792969,174.0022735595703,95.64710998535156
2026-04-01,255.1746368408203,367.8791809082031,292.5580749511719,158.66867065429688,241.53285217285156,141.95343017578125,297.3400573730469,75.14356231689453,175.3491973876953,95.82573699951172
2026-04-02,255.464111328125,371.9526672363281,291.7855224609375,158.57984924316406,240.46429443359375,140.997802734375,299.6210632324219,75.77568817138672,176.98544311523438,95.87535858154297
2026-04-06,258.39886474609375,371.3750305175781,294.125,161.2246551513672,238.41622924804688,140.6529998779297,302.1411437988281,76.26953887939453,177.23487854003906,95.54786682128906
2026-04-07,253.0484161376953,370.78741455078125,296.0662536621094,161.757568359375,235.8833770751953,139.2047882080078,301.3642272949219,74.97566223144531,177.69383239746094,95.05167388916016
2026-04-08,258.4388122558594,372.8191223144531,306.5888366699219,154.16854858398438,238.7427520751953,142.75140380859375,307.74908447265625,76.33866882324219,181.66476440429688,98.42581939697266
2026-04-09,260.0259704589844,371.5642395019531,308.938232421875,153.00404357910156,238.7526397705078,144.48532104492188,307.08172607421875,77.21771240234375,183.49058532714844,99.03118133544922
2026-04-10,260.0159912109375,369.37310791015625,308.4803161621094,150.5072479248047,235.93284606933594,143.00755310058594,303.1671142578125,76.5164566040039,188.1998291015625,98.4158935546875
2026-04-13,258.73828125,382.8186340332031,312.2732238769531,150.63555908203125,235.43814086914062,141.4509735107422,308.17742919921875,75.4695053100586,188.87826538085938,100.41060638427734
2026-04-14,258.3689270019531,391.5233459472656,309.7247009277344,147.28021240234375,237.5554656982422,142.2391357421875,310.149658203125,74.96578216552734,196.0618438720703,101.80988311767578
2026-04-15,265.95538330078125,409.5602722167969,304.5579833984375,147.05322265625,236.14060974121094,141.2539520263672,314.671875,74.38304138183594,198.41647338867188,102.2564697265625
2026-04-16,262.9307861328125,418.56378173828125,308.5599670410156,149.98422241210938,232.05438232421875,140.9879608154297,313.86505126953125,74.25464630126953,197.8976593017578,103.10992431640625
2026-04-17,269.7486267089844,421.0835876464844,308.8984375,144.5169677734375,231.6981964111328,144.75131225585938,315.7774963378906,74.80774688720703,201.2200469970703,105.48175048828125
2026-04-20,272.5635681152344,416.38262939453125,315.5683898925781,145.7406768798828,228.2451934814453,142.3474884033203,312.7095642089844,74.55094909667969,201.59918212890625,105.4916763305664
2026-04-21,265.69586181640625,422.4480285644531,311.5962829589844,146.41175842285156,223.76318359375,140.2096710205078,308.72528076171875,73.78054809570312,199.42417907714844,103.49696350097656
2026-04-22,272.68341064453125,431.1726989746094,311.6161804199219,147.5367889404297,223.70384216308594,140.7318115234375,310.0699462890625,73.7114028930664,202.03819274902344,104.0229263305664
2026-04-23,272.9429016113281,414.0719909667969,310.29217529296875,148.5532684326172,228.2056121826172,143.54940795898438,307.66943359375,75.34109497070312,199.18470764160156,102.86183166503906
2026-04-24,270.5771179199219,422.90618896484375,306.8974609375,146.9545440673828,225.0889892578125,147.08203125,308.2073059082031,75.6867904663086,207.79502868652344,101.81980895996094
2026-04-27,267.1332702636719,423.1053771972656,310.232421875,146.24400329589844,222.95188903808594,147.30039978027344,308.4363708496094,74.51144409179688,216.1160125732422,101.57170867919922
2026-04-28,270.2277526855469,427.5174865722656,310.0532531738281,148.58287048339844,225.37591552734375,148.064697265625,308.0877380371094,77.3856201171875,212.68385314941406,100.69840240478516
2026-04-29,269.688720703125,422.746826171875,307.86309814453125,152.63890075683594,224.94058227539062,145.37478637695312,333.5475769042969,77.89922332763672,208.77279663085938,100.52970123291016
2026-04-30,270.86663818359375,406.1341552734375,311.82525634765625,152.30335998535156,227.41409301757812,146.00010681152344,328.5472412109375,77.79057312011719,199.11488342285156,102.96106719970703
2026-05-01,279.6409912109375,412.76727294921875,311.06866455078125,150.74411010742188,224.7822723388672,146.16883850097656,326.7443542480469,77.61279296875,197.99742126464844,102.2961654663086
2026-05-04,276.3368225097656,411.9505615234375,306.270263671875,151.67176818847656,221.82395935058594,142.3572998046875,325.5690002441406,77.22759246826172,198.02734375,100.53961944580078
2026-05-05,283.67376708984375,409.7196044921875,308.0124206542969,152.8461456298828,223.15966796875,143.82632446289062,320.76788330078125,77.51402282714844,196.05186462402344,99.71593475341797
2026-05-06,286.99786376953125,412.2891845703125,313.4877624511719,146.7374267578125,222.23951721191406,146.80410766601562,317.5505065917969,78.25479888916016,207.3560333251953,107.23828887939453
2026-05-07,286.927978515625,419.07171630859375,304.8964538574219,144.65513610839844,220.15187072753906,144.9777374267578,320.0207824707031,77.46463775634766,211.01766967773438,107.83373260498047
2026-05-08,292.7974853515625,413.44451904296875,300.74517822265625,142.67153930664062,218.9744873046875,145.33506774902344,317.54058837890625,77.45476531982422,214.709228515625,107.19859313964844
2026-05-11,292.42779541015625,410.99444580078125,298.6545715332031,147.7144317626953,219.08331298828125,142.29774475097656,322.5906982421875,77.69181060791016,218.93955993652344,103.92369079589844
2026-05-12,294.54595947265625,406.1241760253906,303.5126953125,148.65196228027344,221.88331604003906,142.8436737060547,325.8147277832031,79.0449447631836,220.27650451660156,105.35274505615234
2026-05-13,298.6124572753906,403.57452392578125,298.9034729003906,149.57962036132812,227.97804260253906,141.18605041503906,319.7160339355469,79.2721176147461,225.3149871826172,104.10232543945312
2026-05-14,297.9530334472656,407.7774658203125,298.56500244140625,150.77371215820312,228.35403442382812,141.65257263183594,321.92193603515625,79.45977020263672,235.202392578125,104.61836242675781
2026-05-15,299.9713134765625,420.2170715332031,296.4743957519531,156.90402221679688,224.307373046875,140.52101135253906,325.1459655761719,79.82522583007812,224.80616760253906,101.93889617919922
2026-05-18,297.5833435058594,421.83056640625,299.3813171386719,159.45748901367188,226.4939422607422,141.33493041992188,332.023193359375,80.2005386352539,221.81300354003906,103.1198501586914
2026-05-19,298.7123718261719,415.7352600097656,294.3738708496094,161.50424194335938,227.56248474121094,140.2530059814453,329.2982482910156,80.91167449951172,220.1068878173828,101.51216888427734
2026-05-20,301.98956298828125,419.36053466796875,300.625732421875,155.27456665039062,226.88970947265625,141.3845672607422,330.1366882324219,80.54623413085938,222.9603729248047,103.28855895996094
2026-05-21,304.7271728515625,418.3025207519531,301.6411437988281,154.2909393310547,229.27415466308594,142.3374481201172,330.5060119628906,80.17091369628906,219.0093994140625,102.7923583984375
2026-05-22,308.55389404296875,417.7835388183594,305.0059814453125,153.92332458496094,231.85650634765625,143.3697509765625,328.2701721191406,80.47710418701172,214.83892822265625,102.21676635742188
2026-05-26,308.0643005371094,415.248291015625,305.3643493652344,148.84619140625,229.0503387451172,141.9007110595703,325.8746337890625,79.46965789794922,214.37001037597656,102.49463653564453
2026-05-27,310.5821533203125,411.8946228027344,297.93780517578125,146.948486328125,230.15489196777344,146.39715576171875,327.00250244140625,80.6153793334961,212.1151580810547,103.3877944946289
2026-05-28,312.24072265625,426.18768310546875,295.3992614746094,146.01454162597656,229.66729736328125,144.828857421875,324.3474426269531,79.4202651977539,213.76138305664062,102.94122314453125
2026-05-29,311.7911071777344,449.3940124511719,297.9676818847656,144.32546997070312,224.22413635253906,142.4962615966797,325.75482177734375,78.0374984741211,210.6584930419922,101.05567169189453
2026-06-01,306.0460510253906,459.6546936035156,295.2499084472656,148.41897583007812,222.41307067871094,139.24057006835938,322.1714782714844,77.67205810546875,223.8483428955078,102.06790924072266
2026-06-02,314.92840576171875,440.48077392578125,299.6102600097656,148.59780883789062,221.79611206054688,139.77658081054688,316.7315979003906,77.44488525390625,222.3118438720703,100.63886260986328
2026-06-03,309.9926452636719,426.53704833984375,299.50079345703125,151.5487060546875,222.1444091796875,139.1512451171875,311.8207092285156,77.79057312011719,214.26025390625,98.63421630859375
2026-06-04,310.9618225097656,427.2456970214844,309.4957580566406,151.0618438720703,227.05020141601562,139.7368621826172,319.5862731933594,75.87445831298828,218.4156036376953,98.5845947265625
2026-06-05,307.0751647949219,415.8870849609375,310.9691162109375,148.9554901123047,231.6276397705078,145.4541778564453,322.9700012207031,78.50172424316406,204.87075805664062,98.95178985595703
2026-06-08,301.2801818847656,410.9663391113281,309.7147521972656,150.77371215820312,231.0206298828125,144.0248565673828,319.0772399902344,78.56097412109375,208.40679931640625,98.11817932128906
2026-06-09,290.29962158203125,402.6520080566406,311.2976379394531,147.95199584960938,235.8368682861328,147.5684051513672,324.4472351074219,80.33881378173828,207.95730590820312,98.57467651367188
2026-06-10,291.3287353515625,396.61334228515625,307.75360107421875,149.65098571777344,237.31956481933594,147.94558715820312,322.3611145019531,82.56111907958984,200.19598388671875,97.86015319824219
2026-06-11,295.375244140625,389.6065673828125,312.0840759277344,145.6568603515625,237.16033935546875,147.2408447265625,318.4583740234375,81.51416778564453,204.64100646972656,99.57699584960938
2026-06-12,290.879150390625,390.00579833984375,319.28167724609375,146.064208984375,239.6878662109375,148.50143432617188,321.7922058105469,81.60306549072266,204.96066284179688,99.27928161621094
2026-06-15,296.1645812988281,399.0088806152344,317.96759033203125,140.01339721679688,234.50344848632812,149.3451385498047,323.21954345703125,80.43006896972656,212.21253967285156,100.91673278808594
2026-06-16,298.9821472167969,393.0899963378906,329.6549377441406,140.9473419189453,234.02578735351562,151.360107421875,332.5022888183594,79.80380249023438,207.1781768798828,100.50984954833984
2026-06-17,295.6949768066406,378.1980285644531,331.9645080566406,139.8345489501953,233.0506134033203,149.44439697265625,329.76739501953125,79.45587921142578,204.42124938964844,100.0930404663086
2026-06-18,297.7532043457031,378.6871032714844,323.761474609375,136.92340087890625,227.2691192626953,149.26573181152344,326.6331787109375,78.91908264160156,210.4545135498047,103.0999984741211
2026-06-22,296.75408935546875,366.6497802734375,329.993408203125,137.57916259765625,230.15489196777344,146.58572387695312,325.994384765625,79.0582504272461,208.41677856445312,101.67095184326172
2026-06-23,294.04638671875,373.23736572265625,332.6414794921875,138.83103942871094,237.9066619873047,149.74217224121094,327.87091064453125,79.8336181640625,199.81640625,102.74273681640625
2026-06-24,292.8274230957031,364.7733154296875,331.95458984375,136.01925659179688,239.81723022460938,150.91342163085938,331.61395263671875,80.12190246582031,198.77757263183594,100.35106658935547
2026-06-25,274.91290283203125,352.1670227050781,333.6170654296875,136.66506958007812,243.67820739746094,147.399658203125,329.9071044921875,79.9429702758789,195.52122497558594,97.30441284179688
2026-06-26,283.53546142578125,372.2691955566406,327.57427978515625,135.66156005859375,253.4102020263672,147.9158172607422,335.6065368652344,82.13985443115234,192.31480407714844,98.03878021240234
2026-06-29,281.4972229003906,367.8774719238281,327.91278076171875,135.18466186523438,257.2413024902344,147.3500213623047,341.0164794921875,82.15974426269531,194.7520751953125,97.87999725341797
2026-06-30,289.11065673828125,372.319091796875,325.86199951171875,135.8404083251953,252.7235870361328,145.55343627929688,342.45379638671875,80.78792572021484,199.86634826660156,96.25
2026-07-01,294.1263427734375,383.5579528808594,332.5718078613281,135.4032440185547,252.73353576660156,146.33758544921875,350.4289855957031,80.80780792236328,197.35916137695312,95.70999908447266
2026-07-02,308.3640441894531,389.7562561035156,332.9700012207031,136.20802307128906,261.74908447265625,150.28810119628906,361.45849609375,83.64089965820312,194.61224365234375,99.5
2026-07-06,312.3905944824219,386.0133056640625,337.7200012207031,135.5622100830078,258.0572509765625,148.2036590576172,356.5875549316406,82.46790313720703,195.33143615722656,97.41000366210938
2026-07-07,310.3923034667969,388.109375,339.2200012207031,140.7784423828125,265.9284362792969,151.6181640625,351.54693603515625,83.55143737792969,196.7098846435547,97.4800033569336
2026-07-08,313.1199645996094,382.6197204589844,330.6199951171875,140.2220458984375,262.1072998046875,147.30039978027344,346.88555908203125,82.9052963256836,203.891845703125,96.69999694824219
2026-07-09,315.947509765625,383.6377868652344,335.4700012207031,136.57565307617188,257.8283996582031,145.7618865966797,347.5543518066406,82.13985443115234,202.5533447265625,96.16999816894531
2026-07-10,315.0483093261719,384.37640380859375,336.4700012207031,137.9865264892578,255.7188262939453,145.95046997070312,348.3229064941406,82.99475860595703,210.72421264648438,95.62000274658203
2026-07-13,317.03656005859375,390.2553405761719,334.5299987792969,143.58029174804688,256.5049133300781,147.27061462402344,357.08660888671875,83.75025177001953,203.30250549316406,96.0
2026-07-14,314.58868408203125,384.20672607421875,342.8900146484375,144.15655517578125,252.60418701171875,144.99758911132812,355.3598327636719,82.58719635009766,211.5632781982422,95.87000274658203
2026-07-15,327.2178039550781,394.8866271972656,346.9100036621094,143.58029174804688,245.8076934814453,146.9530029296875,354.4814758300781,81.96092224121094,212.26248168945312,97.1500015258789
2026-07-16,332.97283935546875,400.3463439941406,343.1499938964844,145.0110321044922,248.7432098388672,150.37742614746094,364.4629211425781,84.41627502441406,207.16818237304688,99.70999908447266
2026-07-17,333.452392578125,393.08001708984375,341.1000061035156,146.41195678710938,251.7981414794922,148.86868286132812,357.8951110839844,81.07620239257812,202.58331298828125,97.66999816894531
2026-07-20,326.3085632324219,401.53411865234375,338.8699951171875,147.40553283691406,247.59886169433594,148.02499389648438,359.9013977050781,81.63288879394531,203.05279541015625,96.41000366210938
2026-07-21,327.45758056640625,397.00262451171875,345.2300109863281,150.73397827148438,249.3800811767578,147.00262451171875,355.16021728515625,81.48377990722656,207.0583038330078,96.13999938964844
2026-07-22,325.60919189453125,389.6065673828125,348.2099914550781,153.4563446044922,254.3754425048828,148.02499389648438,352.7646789550781,81.71240997314453,211.82298278808594,95.87000274658203
2026-07-23,321.3828430175781,380.8630065917969,349.8999938964844,155.88064575195312,257.99755859375,145.88099670410156,350.9480285644531,80.68852233886719,208.5266571044922,92.83000183105469
2026-07-24,332.7330322265625,380.9828186035156,353.2099914550781,155.93032836914062,262.1072998046875,147.41000366210938,355.0803527832031,81.76211547851562,206.6088104248047,94.8499984741211
2026-07-27,336.61968994140625,388.368896484375,356.20001220703125,153.7742919921875,264.6448059082031,148.6300048828125,361.8577575683594,83.57131958007812,196.2903594970703,96.6500015258789
2026-07-28,339.78692626953125,392.61090087890625,357.30999755859375,152.055419921875,265.42095947265625,148.8800048828125,365.91021728515625,87.74639892578125,196.789794921875,98.88999938964844
2026-07-29,337.8985900878906,389.8061828613281,344.7099914550781,155.74154663085938,264.2268371582031,146.10000610351562,368.0462646484375,88.55160522460938,189.79762268066406,98.4800033569336
2026-07-30,333.1426696777344,450.2524108886719,350.8500061035156,155.96014404296875,254.56451416015625,143.9600067138672,365.5908203125,87.96509552001953,194.82199096679688,96.16000366210938
2026-07-31,308.6438293457031,463.8468017578125,351.7900085449219,154.4399871826172,255.09190368652344,144.49000549316406,365.4510803222656,87.0704345703125,200.52561950683594,96.19000244140625
2026-08-03,303.1585693359375,486.73370361328125,352.6400146484375,154.0624237060547,253.1614227294922,144.97000122070312,364.991943359375,86.34477233886719,206.40904235839844,98.13999938964844
2026-08-04,309.1134033203125,491.884033203125,357.5199890136719,152.96951293945312,253.67886352539062,148.00999450683594,368.9046630859375,86.04654693603516,211.70310974121094,98.18000030517578
2026-08-05,310.7320251464844,486.5440673828125,359.239990234375,150.6544952392578,256.3258056640625,146.8000030517578,367.85662841796875,86.31494903564453,218.9749755859375,101.76000213623047
2026-08-06,312.14080810546875,498.9207458496094,356.29998779296875,153.84384155273438,255.7188262939453,146.97000122070312,369.7830505371094,86.33482360839844,218.7452392578125,104.68000030517578
2026-08-07,313.05999755859375,499.0505065917969,357.5199890136719,152.055419921875,257.96771240234375,145.7899932861328,361.82781982421875,86.53364562988281,223.70968627929688,104.91000366210938
2026-08-10,308.260009765625,505.109130859375,359.7900085449219,158.76199340820312,260.5251159667969,146.44000244140625,360.6500244140625,86.3547134399414,217.3068389892578,103.18000030517578
2026-08-11,304.9100036621094,502.86334228515625,362.0400085449219,158.7719268798828,258.52496337890625,145.2100067138672,362.82000732421875,85.96702575683594,217.25689697265625,103.52999877929688
2026-08-12,302.25,491.5047302246094,365.17999267578125,158.7222442626953,259.5797424316406,144.0800018310547,359.4200134277344,86.1956558227539,223.8395233154297,103.22000122070312
2026-08-13,305.260009765625,495.9463806152344,363.1099853515625,157.58958435058594,260.79376220703125,144.25999450683594,365.45001220703125,86.90144348144531,225.04818725585938,104.80000305175781
2026-08-14,305.92999267578125,494.4691467285156,362.8399963378906,159.07000732421875,259.072265625,144.5500030517578,364.1499938964844,87.18972778320312,224.90834045410156,106.8499984741211
2026-08-17,305.5899963378906,479.44744873046875,360.9599914550781,161.4600067138672,261.0823669433594,143.1199951171875,358.8399963378906,86.46405792236328,224.7584991455078,103.5
2026-08-18,310.0299987792969,480.72503662109375,363.25,165.55999755859375,269.7794494628906,143.4499969482422,364.25,88.29314422607422,219.49440002441406,103.94999694824219
2026-08-19,316.8299865722656,483.3999938964844,357.260009765625,164.77000427246094,272.06817626953125,144.3800048828125,365.5400085449219,89.8140640258789,217.31683349609375,106.93000030517578
2026-08-20,311.29998779296875,481.1499938964844,351.54998779296875,166.14999389648438,266.0578308105469,142.97000122070312,365.7300109863281,89.96318054199219,216.60763549804688,107.31999969482422
2026-08-21,309.3500061035156,483.239990234375,351.5799865722656,165.11000061035156,268.9137268066406,144.67999267578125,371.0400085449219,90.55961608886719,214.48001098632812,107.77999877929688
2026-08-24,310.3399963378906,487.30999755859375,356.3900146484375,164.0500030517578,271.70001220703125,146.60000610351562,382.4100036621094,91.4443359375,208.24697875976562,110.61000061035156
2026-08-25,309.8999938964844,491.7099914550781,356.69000244140625,160.63999938964844,273.1400146484375,145.39999389648438,384.1400146484375,91.0964126586914,212.81187438964844,111.25
2026-08-26,313.45001220703125,496.3699951171875,356.5,158.19000244140625,270.0,145.0,383.8999938964844,89.54566955566406,209.4256591796875,109.62999725341797
2026-08-27,314.5799865722656,505.05999755859375,354.2200012207031,156.44000244140625,265.7699890136719,143.13999938964844,379.6600036621094,88.5317153930664,227.7251739501953,106.81999969482422
2026-08-28,319.70001220703125,513.530029296875,357.6199951171875,156.7100067138672,268.0400085449219,143.77999877929688,381.6000061035156,89.12816619873047,217.3068389892578,108.0999984741211
2026-08-31,316.8500061035156,507.2900085449219,356.0199890136719,160.9499969482422,265.8500061035156,145.1199951171875,379.3699951171875,88.14402770996094,220.53323364257812,107.55000305175781
2026-09-01,325.1300048828125,501.0199890136719,354.95001220703125,164.5500030517578,271.19000244140625,146.2100067138672,372.6700134277344,87.4780044555664,217.1969757080078,106.22000122070312
2026-09-02,324.9599914550781,496.82000732421875,356.2200012207031,164.14999389648438,275.2099914550781,147.63999938964844,378.3999938964844,87.71658325195312,224.1591796875,107.9800033569336
2026-09-03,328.2099914550781,510.1199951171875,362.05999755859375,162.2100067138672,278.42999267578125,146.9199981689453,378.75,88.283203125,228.1946563720703,107.16000366210938
2026-09-04,319.9700012207031,499.70001220703125,358.6400146484375,159.47000122070312,275.2300109863281,146.44000244140625,375.07000732421875,87.54759216308594,230.10252380371094,105.30999755859375
2026-09-08,316.2200012207031,493.95001220703125,353.510009765625,160.66000366210938,269.1199951171875,145.5800018310547,368.6400146484375,87.83586883544922,225.47769165039062,105.05999755859375
2026-09-09,315.3399963378906,491.6499938964844,354.7099914550781,164.22999572753906,267.0799865722656,142.63999938964844,367.3900146484375,87.03067779541016,223.4199981689453,104.18000030517578
2026-09-10,326.57000732421875,492.44000244140625,353.55999755859375,165.22999572753906,266.3500061035156,142.97000122070312,367.2099914550781,87.30902099609375,218.36000061035156,105.81999969482422
2026-09-11,332.2699890136719,495.6300048828125,356.2300109863281,165.99000549316406,265.5799865722656,145.27000427246094,370.45001220703125,87.76628875732422,218.2899932861328,106.55000305175781
2026-09-14,333.0799865722656,505.4100036621094,350.1300048828125,165.0800018310547,266.32000732421875,146.1300048828125,375.2799987792969,88.81999969482422,210.9600067138672,108.58999633789062
2026-09-15,331.3399963378906,497.1199951171875,352.489990234375,169.32000732421875,267.20001220703125,146.6699981689453,375.6199951171875,88.70999908447266,212.1699981689453,106.41999816894531
2026-09-16,332.4100036621094,490.29998779296875,348.9200134277344,163.32000732421875,267.2799987792969,147.02000427246094,370.92999267578125,87.87000274658203,213.89999389648438,106.98999786376953
2026-09-17,337.0,497.75,349.30999755859375,163.27000427246094,270.2200012207031,147.5500030517578,369.92999267578125,88.05999755859375,219.33999633789062,105.3499984741211
2026-09-18,336.1300048828125,493.7799987792969,349.6700134277344,163.5399932861328,269.989990234375,146.38999938964844,368.2900085449219,88.25,222.27000427246094,102.66999816894531
2026-09-21,338.9800109863281,501.6099853515625,352.0400085449219,158.3000030517578,269.4700012207031,146.0800018310547,369.95001220703125,87.12000274658203,227.3800048828125,104.2300033569336
2026-09-22,339.75,498.0,340.0,158.7100067138672,269.19000244140625,148.22000122070312,362.0400085449219,88.61000061035156,228.8699951171875,103.81999969482422
2026-09-23,337.0199890136719,500.5899963378906,337.5299987792969,161.22999572753906,269.1700134277344,147.38999938964844,361.5199890136719,88.08999633789062,225.50999450683594,103.45999908447266
2026-09-24,335.9200134277344,497.92999267578125,338.55999755859375,162.13999938964844,270.67999267578125,145.67999267578125,367.9800109863281,88.0999984741211,224.5800018310547,105.55999755859375
2026-09-25,341.07000732421875,516.1699829101562,343.05999755859375,160.58999633789062,271.2200012207031,146.22999572753906,367.3800048828125,87.80999755859375,225.07000732421875,106.1500015258789
